{
  "type": "FeatureCollection",
  "metadata": {
    "generated": "2026-08-08T05:45:34.477886",
    "total_neighbourhoods": 135,
    "city": "Regina",
    "province": "Saskatchewan",
    "source": "city_of_regina_gis",
    "source_url": "https://services6.arcgis.com/EXgfJNbcrqacNMPa/arcgis/rest/services/shp_Subdivisions/FeatureServer/0/query"
  },
  "features": [
    {
      "type": "Feature",
      "geometry": {
        "type": "Polygon",
        "coordinates": [
          [
            [
              -104.595017743754,
              50.4334660321628
            ],
            [
              -104.595018724527,
              50.4343941759284
            ],
            [
              -104.595246896409,
              50.4343941614068
            ],
            [
              -104.595185881026,
              50.4407218970931
            ],
            [
              -104.595185905623,
              50.4408696377619
            ],
            [
              -104.578003971601,
              50.4408898866793
            ],
            [
              -104.577902446507,
              50.4408964182172
            ],
            [
              -104.577885108429,
              50.4404123386816
            ],
            [
              -104.578540730944,
              50.4404147216457
            ],
            [
              -104.578540619899,
              50.4394330077826
            ],
            [
              -104.579162628318,
              50.4394326578523
            ],
            [
              -104.579154700738,
              50.4382100634961
            ],
            [
              -104.580603876859,
              50.4382098254396
            ],
            [
              -104.580603411407,
              50.4377008178845
            ],
            [
              -104.582239811458,
              50.4377176101716
            ],
            [
              -104.582210668315,
              50.4361133396991
            ],
            [
              -104.57790155836,
              50.4361392233492
            ],
            [
              -104.577886584081,
              50.433181877765
            ],
            [
              -104.583647610725,
              50.4331953685768
            ],
            [
              -104.583626987469,
              50.4355394021292
            ],
            [
              -104.584393694362,
              50.4355402896352
            ],
            [
              -104.584392766996,
              50.4372490326037
            ],
            [
              -104.584306444299,
              50.4372490817018
            ],
            [
              -104.584306759204,
              50.437721058266
            ],
            [
              -104.588718127372,
              50.4377283239971
            ],
            [
              -104.588717760687,
              50.4372473279932
            ],
            [
              -104.588632425442,
              50.4372472042099
            ],
            [
              -104.588629771891,
              50.434668613698
            ],
            [
              -104.588512409835,
              50.4345903790259
            ],
            [
              -104.588234173361,
              50.4345549547389
            ],
            [
              -104.588092700446,
              50.4345471430346
            ],
            [
              -104.587529800448,
              50.4344867802281
            ],
            [
              -104.587119266013,
              50.4343885104779
            ],
            [
              -104.586472378837,
              50.4340819588779
            ],
            [
              -104.585762000132,
              50.4336092272607
            ],
            [
              -104.585363313042,
              50.4334445206914
            ],
            [
              -104.595017743754,
              50.4334660321628
            ]
          ]
        ]
      },
      "properties": {
        "name": "Assiniboia  Place",
        "source": "city_of_regina_gis",
        "objectid": 3,
        "shape__area": 1988867.0625,
        "shape__length": 9637.83049618257
      }
    },
    {
      "type": "Feature",
      "geometry": {
        "type": "Polygon",
        "coordinates": [
          [
            [
              -104.626961466715,
              50.440708423822
            ],
            [
              -104.618132466253,
              50.4407086783647
            ],
            [
              -104.618131908783,
              50.4405156253726
            ],
            [
              -104.618426935912,
              50.4396107547326
            ],
            [
              -104.619243936211,
              50.4388036698027
            ],
            [
              -104.620471135389,
              50.4382051188773
            ],
            [
              -104.621867983236,
              50.4379174993092
            ],
            [
              -104.623411483284,
              50.4379455444395
            ],
            [
              -104.62478046557,
              50.4382834183967
            ],
            [
              -104.625952398473,
              50.4389255626745
            ],
            [
              -104.626709802335,
              50.439784968267
            ],
            [
              -104.626961466715,
              50.440708423822
            ]
          ]
        ]
      },
      "properties": {
        "name": "Crescents",
        "source": "city_of_regina_gis",
        "objectid": 5,
        "shape__area": 374825.5859375,
        "shape__length": 2524.947252681824
      }
    },
    {
      "type": "Feature",
      "geometry": {
        "type": "Polygon",
        "coordinates": [
          [
            [
              -104.558801222069,
              50.4260182821585
            ],
            [
              -104.557561797039,
              50.4260328838039
            ],
            [
              -104.557078843226,
              50.4260176284886
            ],
            [
              -104.556492379225,
              50.4258409609677
            ],
            [
              -104.551265014829,
              50.4233386077283
            ],
            [
              -104.550863307949,
              50.4236188324398
            ],
            [
              -104.549303953759,
              50.4236404686814
            ],
            [
              -104.549349495447,
              50.4188396676053
            ],
            [
              -104.549394973056,
              50.4188398437392
            ],
            [
              -104.54939512716,
              50.4184601049862
            ],
            [
              -104.554322033511,
              50.4184791091812
            ],
            [
              -104.554459632253,
              50.4185490411662
            ],
            [
              -104.55509835357,
              50.4189377619813
            ],
            [
              -104.555631323047,
              50.4194300811656
            ],
            [
              -104.5563056039,
              50.4208631078167
            ],
            [
              -104.556487216515,
              50.4214033568248
            ],
            [
              -104.55667246601,
              50.4215546404771
            ],
            [
              -104.556975188012,
              50.4217502816476
            ],
            [
              -104.557199679182,
              50.4219079873977
            ],
            [
              -104.557315698715,
              50.4221091948551
            ],
            [
              -104.557412363252,
              50.4222789551066
            ],
            [
              -104.557485634259,
              50.4228257855646
            ],
            [
              -104.557476914989,
              50.4237608103196
            ],
            [
              -104.557784960408,
              50.4241911869253
            ],
            [
              -104.558593254955,
              50.4250373434827
            ],
            [
              -104.558733570329,
              50.4254364290932
            ],
            [
              -104.558826905804,
              50.4259046748149
            ],
            [
              -104.558801222069,
              50.4260182821585
            ]
          ]
        ]
      },
      "properties": {
        "name": "Richmond Place",
        "source": "city_of_regina_gis",
        "objectid": 6,
        "shape__area": 889353.890625,
        "shape__length": 4147.557408757795
      }
    },
    {
      "type": "Feature",
      "geometry": {
        "type": "Polygon",
        "coordinates": [
          [
            [
              -104.618064209661,
              50.4771477285128
            ],
            [
              -104.618064470519,
              50.4770506581729
            ],
            [
              -104.618081218064,
              50.4708383391359
            ],
            [
              -104.623868323657,
              50.4707182733186
            ],
            [
              -104.624423283193,
              50.4708056643025
            ],
            [
              -104.624824285546,
              50.4709781554091
            ],
            [
              -104.627455378405,
              50.4726374575044
            ],
            [
              -104.627012656113,
              50.4728928323009
            ],
            [
              -104.626876794331,
              50.4731125069732
            ],
            [
              -104.626851323398,
              50.4776040471558
            ],
            [
              -104.622393612622,
              50.4776155187261
            ],
            [
              -104.622393051104,
              50.4772572466535
            ],
            [
              -104.620927745459,
              50.4772575192769
            ],
            [
              -104.61976774399,
              50.4771477935283
            ],
            [
              -104.618064209661,
              50.4771477285128
            ]
          ]
        ]
      },
      "properties": {
        "name": "Coronation Park",
        "source": "city_of_regina_gis",
        "objectid": 7,
        "shape__area": 1105029.3125,
        "shape__length": 4213.669669978194
      }
    },
    {
      "type": "Feature",
      "geometry": {
        "type": "Polygon",
        "coordinates": [
          [
            [
              -104.618064470519,
              50.4770506581729
            ],
            [
              -104.606530203867,
              50.4770271631143
            ],
            [
              -104.60659410632,
              50.4693448896902
            ],
            [
              -104.6180851439,
              50.4693831258363
            ],
            [
              -104.618081218064,
              50.4708383391359
            ],
            [
              -104.618064470519,
              50.4770506581729
            ]
          ]
        ]
      },
      "properties": {
        "name": "Highland Park",
        "source": "city_of_regina_gis",
        "objectid": 9,
        "shape__area": 1720442.7890625,
        "shape__length": 5248.0429767122405
      }
    },
    {
      "type": "Feature",
      "geometry": {
        "type": "Polygon",
        "coordinates": [
          [
            [
              -104.631178492033,
              50.4386653343357
            ],
            [
              -104.631172642571,
              50.4369156587612
            ],
            [
              -104.631130254547,
              50.4366752328736
            ],
            [
              -104.630911043313,
              50.4364059726948
            ],
            [
              -104.630668932674,
              50.4362355836194
            ],
            [
              -104.63100232434,
              50.4360528939601
            ],
            [
              -104.631159222131,
              50.435798968214
            ],
            [
              -104.631152884719,
              50.4354098355891
            ],
            [
              -104.631856522548,
              50.4353986623227
            ],
            [
              -104.631884290721,
              50.4370762839478
            ],
            [
              -104.633340384367,
              50.4370895955923
            ],
            [
              -104.63331262509,
              50.4354032848919
            ],
            [
              -104.635530786523,
              50.4354102791582
            ],
            [
              -104.635535387275,
              50.4348125359038
            ],
            [
              -104.641022873191,
              50.4348390427193
            ],
            [
              -104.644211982281,
              50.4348542881696
            ],
            [
              -104.644177856201,
              50.4394063869802
            ],
            [
              -104.643669211839,
              50.4396038843785
            ],
            [
              -104.635733541002,
              50.4396062900585
            ],
            [
              -104.635185176035,
              50.4394583443686
            ],
            [
              -104.63466072615,
              50.439178871609
            ],
            [
              -104.63386188053,
              50.4388546634611
            ],
            [
              -104.63278705387,
              50.4386904170314
            ],
            [
              -104.631802790333,
              50.4386580485573
            ],
            [
              -104.631178492033,
              50.4386653343357
            ]
          ]
        ]
      },
      "properties": {
        "name": "River Heights",
        "source": "city_of_regina_gis",
        "objectid": 11,
        "shape__area": 1056016.4921875,
        "shape__length": 5047.096123538752
      }
    },
    {
      "type": "Feature",
      "geometry": {
        "type": "Polygon",
        "coordinates": [
          [
            [
              -104.652504865884,
              50.4629122712061
            ],
            [
              -104.643588466803,
              50.4629393412408
            ],
            [
              -104.643556618554,
              50.4584802046727
            ],
            [
              -104.644725870872,
              50.4584815431195
            ],
            [
              -104.645008624292,
              50.4584806078103
            ],
            [
              -104.646586462786,
              50.4584809836143
            ],
            [
              -104.647466946817,
              50.4587682281754
            ],
            [
              -104.648318849337,
              50.4587687386138
            ],
            [
              -104.648318742797,
              50.4590290965613
            ],
            [
              -104.648939903099,
              50.4590272858877
            ],
            [
              -104.648939632543,
              50.4592343127769
            ],
            [
              -104.64947499684,
              50.4592326899446
            ],
            [
              -104.649758016749,
              50.4592343518291
            ],
            [
              -104.649757671607,
              50.4595089188454
            ],
            [
              -104.650379672179,
              50.4595086320273
            ],
            [
              -104.650379418501,
              50.4597142200081
            ],
            [
              -104.650915903047,
              50.4597139436329
            ],
            [
              -104.650915877906,
              50.4598508226546
            ],
            [
              -104.651199478494,
              50.459850415016
            ],
            [
              -104.651726466747,
              50.4598505453192
            ],
            [
              -104.651734035303,
              50.4588238999961
            ],
            [
              -104.652473210878,
              50.4588230106407
            ],
            [
              -104.652481468571,
              50.4598897978557
            ],
            [
              -104.652504865884,
              50.4629122712061
            ]
          ]
        ]
      },
      "properties": {
        "name": "Coventry Place",
        "source": "city_of_regina_gis",
        "objectid": 12,
        "shape__area": 693581.90625,
        "shape__length": 3860.52619089138
      }
    },
    {
      "type": "Feature",
      "geometry": {
        "type": "Polygon",
        "coordinates": [
          [
            [
              -104.572308631285,
              50.4471464044795
            ],
            [
              -104.572607131065,
              50.4471486793312
            ],
            [
              -104.583150080307,
              50.4471546686479
            ],
            [
              -104.584117481175,
              50.4476214748277
            ],
            [
              -104.584542602298,
              50.447825892205
            ],
            [
              -104.583775510242,
              50.4478258845867
            ],
            [
              -104.583783760324,
              50.4504485233801
            ],
            [
              -104.58440536956,
              50.4504476980511
            ],
            [
              -104.584414942876,
              50.4533686518897
            ],
            [
              -104.583792873026,
              50.4533694739387
            ],
            [
              -104.583792750564,
              50.4551333424723
            ],
            [
              -104.572304112705,
              50.4551094137393
            ],
            [
              -104.572308631285,
              50.4471464044795
            ]
          ]
        ]
      },
      "properties": {
        "name": "Tuxedo Park",
        "source": "city_of_regina_gis",
        "objectid": 14,
        "shape__area": 1816703.8125,
        "shape__length": 5573.761397359195
      }
    },
    {
      "type": "Feature",
      "geometry": {
        "type": "Polygon",
        "coordinates": [
          [
            [
              -104.664055406713,
              50.4957716507669
            ],
            [
              -104.663963118361,
              50.5060508032693
            ],
            [
              -104.663949848672,
              50.5060508053293
            ],
            [
              -104.641206205084,
              50.506052085527
            ],
            [
              -104.641146490827,
              50.4966174763384
            ],
            [
              -104.652130583357,
              50.4965742595038
            ],
            [
              -104.659252540627,
              50.4958031049128
            ],
            [
              -104.664055406713,
              50.4957716507669
            ]
          ]
        ]
      },
      "properties": {
        "name": "Lakeridge",
        "source": "city_of_regina_gis",
        "objectid": 57,
        "shape__area": 4337641.6328125,
        "shape__length": 8545.16387005402
      }
    },
    {
      "type": "Feature",
      "geometry": {
        "type": "Polygon",
        "coordinates": [
          [
            [
              -104.687001958657,
              50.443071809203
            ],
            [
              -104.687002442002,
              50.4432548252693
            ],
            [
              -104.686736305796,
              50.4551819026019
            ],
            [
              -104.678505650255,
              50.4551892843768
            ],
            [
              -104.675469862738,
              50.4551918567858
            ],
            [
              -104.667472660231,
              50.4551982638021
            ],
            [
              -104.663851156146,
              50.4551912939242
            ],
            [
              -104.663842902456,
              50.4549720797988
            ],
            [
              -104.663737116845,
              50.4549435868011
            ],
            [
              -104.663667965904,
              50.4549333072061
            ],
            [
              -104.663592009741,
              50.4549277736688
            ],
            [
              -104.663510525211,
              50.4549208473202
            ],
            [
              -104.663455255044,
              50.4549185912584
            ],
            [
              -104.663390013252,
              50.4549119463413
            ],
            [
              -104.663310655627,
              50.4549027864379
            ],
            [
              -104.663249885159,
              50.4548984892018
            ],
            [
              -104.663191379508,
              50.4548887184288
            ],
            [
              -104.663029580942,
              50.4548593190273
            ],
            [
              -104.662961213737,
              50.4548425669139
            ],
            [
              -104.662873931605,
              50.4548167306207
            ],
            [
              -104.662813961587,
              50.4547936383124
            ],
            [
              -104.662750573312,
              50.454779242519
            ],
            [
              -104.662687147184,
              50.4547538202706
            ],
            [
              -104.662631334704,
              50.4547285299934
            ],
            [
              -104.662571751313,
              50.454696364148
            ],
            [
              -104.662501726846,
              50.4546708271214
            ],
            [
              -104.662433594939,
              50.4546485659651
            ],
            [
              -104.662374287805,
              50.454609919257
            ],
            [
              -104.662314103765,
              50.4545680142278
            ],
            [
              -104.662259734808,
              50.4545326959561
            ],
            [
              -104.662219770775,
              50.4544930876821
            ],
            [
              -104.662191252356,
              50.4544351937562
            ],
            [
              -104.662184791014,
              50.4543841685976
            ],
            [
              -104.66220269275,
              50.4543335664076
            ],
            [
              -104.662226682038,
              50.4542950684055
            ],
            [
              -104.662265007269,
              50.4542539007504
            ],
            [
              -104.662319805463,
              50.4542195047604
            ],
            [
              -104.662378347327,
              50.4541926326002
            ],
            [
              -104.662432424843,
              50.4541870855076
            ],
            [
              -104.662570989313,
              50.4541894909179
            ],
            [
              -104.662642144645,
              50.4541884559707
            ],
            [
              -104.66270937464,
              50.4541961085736
            ],
            [
              -104.662823658938,
              50.4541961464761
            ],
            [
              -104.662895104249,
              50.4541883063144
            ],
            [
              -104.662985684577,
              50.4541843655067
            ],
            [
              -104.663062329746,
              50.454173696954
            ],
            [
              -104.663128643839,
              50.4541670648926
            ],
            [
              -104.663226250465,
              50.4541531928121
            ],
            [
              -104.663303847138,
              50.454120164858
            ],
            [
              -104.663352046408,
              50.4540856540329
            ],
            [
              -104.663421152341,
              50.454049235758
            ],
            [
              -104.663460543887,
              50.4540187877322
            ],
            [
              -104.663471007125,
              50.4539758391428
            ],
            [
              -104.663471258517,
              50.453898339118
            ],
            [
              -104.663454040633,
              50.453849397301
            ],
            [
              -104.663439556041,
              50.4537839644949
            ],
            [
              -104.663434615946,
              50.4537329656724
            ],
            [
              -104.663432897769,
              50.4536898057295
            ],
            [
              -104.663461042965,
              50.4536491098516
            ],
            [
              -104.663476581569,
              50.4536062493214
            ],
            [
              -104.663501024402,
              50.4535570575836
            ],
            [
              -104.663508497228,
              50.4535127598242
            ],
            [
              -104.663494363413,
              50.4534748975592
            ],
            [
              -104.663478430813,
              50.4534434894946
            ],
            [
              -104.663459317494,
              50.4534032705189
            ],
            [
              -104.663453950043,
              50.4533623174283
            ],
            [
              -104.663476594417,
              50.4533195801846
            ],
            [
              -104.66351493134,
              50.4532780880971
            ],
            [
              -104.663554073466,
              50.4532534727801
            ],
            [
              -104.663607071684,
              50.4532255309559
            ],
            [
              -104.663700579806,
              50.4531885631466
            ],
            [
              -104.663761152154,
              50.4531497267602
            ],
            [
              -104.663776728919,
              50.4531178926105
            ],
            [
              -104.663781760255,
              50.4530712825942
            ],
            [
              -104.66378207221,
              50.4530281578711
            ],
            [
              -104.663777504404,
              50.4529684099346
            ],
            [
              -104.663770475888,
              50.4529306706793
            ],
            [
              -104.663761359242,
              50.4529061909838
            ],
            [
              -104.663738224545,
              50.4528769283248
            ],
            [
              -104.663719833805,
              50.4528555305166
            ],
            [
              -104.663668086413,
              50.4528183127191
            ],
            [
              -104.663627460622,
              50.4527942591035
            ],
            [
              -104.663590194668,
              50.4527748039675
            ],
            [
              -104.663539337638,
              50.4527405200956
            ],
            [
              -104.663469495066,
              50.4527107709481
            ],
            [
              -104.663399569819,
              50.4526829661037
            ],
            [
              -104.663333390649,
              50.4526506863004
            ],
            [
              -104.663240899048,
              50.4526280025951
            ],
            [
              -104.663175718317,
              50.4526080630682
            ],
            [
              -104.663134899822,
              50.4525885459896
            ],
            [
              -104.663084027026,
              50.4525665843841
            ],
            [
              -104.663022068212,
              50.4525544833745
            ],
            [
              -104.662903460334,
              50.4525248606059
            ],
            [
              -104.662813275539,
              50.4524957307437
            ],
            [
              -104.662745692451,
              50.4524845048589
            ],
            [
              -104.662599498281,
              50.4524586184811
            ],
            [
              -104.662520090165,
              50.4524507543701
            ],
            [
              -104.662451119413,
              50.4524482598116
            ],
            [
              -104.662362655112,
              50.4524502911103
            ],
            [
              -104.66229321851,
              50.4524468154759
            ],
            [
              -104.662208748718,
              50.452438539029
            ],
            [
              -104.662106266212,
              50.4524357866953
            ],
            [
              -104.662021561599,
              50.4524330188471
            ],
            [
              -104.661954058599,
              50.452431846614
            ],
            [
              -104.661879491067,
              50.4524295789284
            ],
            [
              -104.66181563734,
              50.4524262000974
            ],
            [
              -104.661710068773,
              50.4524243668517
            ],
            [
              -104.661613849676,
              50.4524415043505
            ],
            [
              -104.661525440579,
              50.4524422389755
            ],
            [
              -104.661436935058,
              50.4524452415991
            ],
            [
              -104.661377549143,
              50.4524562088141
            ],
            [
              -104.661331715054,
              50.4524709785539
            ],
            [
              -104.661270516427,
              50.4524887241817
            ],
            [
              -104.661219565295,
              50.4525043777461
            ],
            [
              -104.661166058994,
              50.452532309813
            ],
            [
              -104.661100879497,
              50.4525600392194
            ],
            [
              -104.661047839348,
              50.4525889522201
            ],
            [
              -104.660994954525,
              50.4526023020659
            ],
            [
              -104.660942149266,
              50.4526257062862
            ],
            [
              -104.660858248686,
              50.4526398143923
            ],
            [
              -104.660788010861,
              50.4526551326959
            ],
            [
              -104.660735578134,
              50.4526697874218
            ],
            [
              -104.660677230595,
              50.4526921223483
            ],
            [
              -104.660602093271,
              50.4527151384011
            ],
            [
              -104.660547450665,
              50.4527339704616
            ],
            [
              -104.660495352293,
              50.4527765196327
            ],
            [
              -104.660459905587,
              50.4528018984228
            ],
            [
              -104.660177603959,
              50.4531204605831
            ],
            [
              -104.660162257708,
              50.4531402294091
            ],
            [
              -104.660147975366,
              50.4531567090436
            ],
            [
              -104.660107642915,
              50.4532091911573
            ],
            [
              -104.660060121635,
              50.4532634941027
            ],
            [
              -104.660017855504,
              50.4533136725482
            ],
            [
              -104.659968839161,
              50.4533673008294
            ],
            [
              -104.659913998576,
              50.4534026680302
            ],
            [
              -104.659881341819,
              50.4534299890188
            ],
            [
              -104.659851975191,
              50.4534635286429
            ],
            [
              -104.659816134733,
              50.4534940373459
            ],
            [
              -104.659759678005,
              50.4535196474738
            ],
            [
              -104.65970493763,
              50.4535407474851
            ],
            [
              -104.659662557953,
              50.4535578468145
            ],
            [
              -104.659627380645,
              50.4535728010121
            ],
            [
              -104.659579842552,
              50.4535917561352
            ],
            [
              -104.65950755433,
              50.4536193611123
            ],
            [
              -104.659438543005,
              50.4536535087115
            ],
            [
              -104.659317818114,
              50.4537211315002
            ],
            [
              -104.659275355205,
              50.4537401747412
            ],
            [
              -104.659211501482,
              50.4537724661068
            ],
            [
              -104.659152737634,
              50.4538045216808
            ],
            [
              -104.65909766445,
              50.4538333984803
            ],
            [
              -104.659046462332,
              50.453854884109
            ],
            [
              -104.658975553898,
              50.4538977542002
            ],
            [
              -104.658920950984,
              50.4539156134632
            ],
            [
              -104.658861369101,
              50.4539311160866
            ],
            [
              -104.658807042162,
              50.4539424942537
            ],
            [
              -104.658732002338,
              50.4539512420001
            ],
            [
              -104.658685168869,
              50.4539536705774
            ],
            [
              -104.658587713216,
              50.4539639741746
            ],
            [
              -104.658510680677,
              50.453983713179
            ],
            [
              -104.658423265717,
              50.4539967855548
            ],
            [
              -104.658324660558,
              50.4539983132012
            ],
            [
              -104.658184066873,
              50.4539958677077
            ],
            [
              -104.658077442241,
              50.4539829870783
            ],
            [
              -104.657989832424,
              50.4539649242006
            ],
            [
              -104.657902005407,
              50.453940047523
            ],
            [
              -104.657731473827,
              50.4538774115214
            ],
            [
              -104.657675115803,
              50.4538530822092
            ],
            [
              -104.657620594177,
              50.4538333246059
            ],
            [
              -104.657576459363,
              50.4538082351825
            ],
            [
              -104.6575513352,
              50.453789962113
            ],
            [
              -104.65753904239,
              50.4537566708734
            ],
            [
              -104.657528230821,
              50.453724378299
            ],
            [
              -104.657521594522,
              50.453677565286
            ],
            [
              -104.657512854706,
              50.4536443360125
            ],
            [
              -104.657519867365,
              50.4535990576482
            ],
            [
              -104.65751706116,
              50.453545825567
            ],
            [
              -104.657515445437,
              50.4535003971981
            ],
            [
              -104.657505048964,
              50.4534583832075
            ],
            [
              -104.657493005286,
              50.4534192592288
            ],
            [
              -104.657475032636,
              50.4533881390296
            ],
            [
              -104.657439581989,
              50.4533619032371
            ],
            [
              -104.657381882318,
              50.4533333347407
            ],
            [
              -104.657308365091,
              50.4533064365844
            ],
            [
              -104.657260618022,
              50.4532945798362
            ],
            [
              -104.657195245203,
              50.4532791733748
            ],
            [
              -104.657104333618,
              50.4532552154094
            ],
            [
              -104.65701667017,
              50.4532384478351
            ],
            [
              -104.656944657889,
              50.4532238985558
            ],
            [
              -104.656852306634,
              50.4531979696929
            ],
            [
              -104.656780354142,
              50.4531701255391
            ],
            [
              -104.656638239975,
              50.4531319799029
            ],
            [
              -104.656567985965,
              50.4531119480331
            ],
            [
              -104.656477102252,
              50.4530873412719
            ],
            [
              -104.656400033473,
              50.4530603805424
            ],
            [
              -104.656277331709,
              50.4530196539095
            ],
            [
              -104.65619038882,
              50.4529860355407
            ],
            [
              -104.65611687326,
              50.4529591366338
            ],
            [
              -104.65607102332,
              50.4529385566747
            ],
            [
              -104.656015131533,
              50.4529025417168
            ],
            [
              -104.655987268455,
              50.4528936930429
            ],
            [
              -104.655947190985,
              50.4528718174959
            ],
            [
              -104.655865368483,
              50.4528168633037
            ],
            [
              -104.655831341713,
              50.4527986467041
            ],
            [
              -104.655801491523,
              50.4527710726397
            ],
            [
              -104.655779953151,
              50.4527412884768
            ],
            [
              -104.65576231594,
              50.4527105342035
            ],
            [
              -104.655757468879,
              50.4526661291157
            ],
            [
              -104.655759380976,
              50.452630226865
            ],
            [
              -104.655770812015,
              50.4525837820221
            ],
            [
              -104.655786162353,
              50.4525459723428
            ],
            [
              -104.65580188492,
              50.452512086315
            ],
            [
              -104.655832996029,
              50.4524758076528
            ],
            [
              -104.655863331248,
              50.4524448855916
            ],
            [
              -104.655899959244,
              50.4524224384965
            ],
            [
              -104.655950198567,
              50.4523968938749
            ],
            [
              -104.656001310102,
              50.4523783036213
            ],
            [
              -104.656100796803,
              50.4523340583941
            ],
            [
              -104.656145616893,
              50.4523231999095
            ],
            [
              -104.656205878124,
              50.4523063506657
            ],
            [
              -104.656283685847,
              50.4522884365959
            ],
            [
              -104.656328635374,
              50.4522766854163
            ],
            [
              -104.656375708344,
              50.4522632586549
            ],
            [
              -104.656423686131,
              50.4522435829227
            ],
            [
              -104.656453521976,
              50.4522258367662
            ],
            [
              -104.65647496792,
              50.4522075950159
            ],
            [
              -104.656534737931,
              50.4520266435788
            ],
            [
              -104.656494531109,
              50.4519714031091
            ],
            [
              -104.656474433708,
              50.4519254349493
            ],
            [
              -104.656459475345,
              50.4518760428866
            ],
            [
              -104.65646299593,
              50.4518269612144
            ],
            [
              -104.656459918797,
              50.4517803212309
            ],
            [
              -104.656478698889,
              50.4517369200701
            ],
            [
              -104.656517811339,
              50.4516973705269
            ],
            [
              -104.656566833788,
              50.4516720272385
            ],
            [
              -104.656623493013,
              50.451655427884
            ],
            [
              -104.656704611232,
              50.4516395579623
            ],
            [
              -104.656788463552,
              50.4516301160269
            ],
            [
              -104.656865560037,
              50.4516148166158
            ],
            [
              -104.656976920448,
              50.4516048789195
            ],
            [
              -104.657050783963,
              50.4515952689268
            ],
            [
              -104.65712919495,
              50.4515965846388
            ],
            [
              -104.657202664761,
              50.4515965409092
            ],
            [
              -104.657282797371,
              50.451592460955
            ],
            [
              -104.657397036989,
              50.4515975685579
            ],
            [
              -104.65749609576,
              50.4515950821116
            ],
            [
              -104.657567922328,
              50.4515863950641
            ],
            [
              -104.657649092593,
              50.4515692488722
            ],
            [
              -104.657733889135,
              50.4515368469868
            ],
            [
              -104.657803781481,
              50.4515022805052
            ],
            [
              -104.657870046088,
              50.4514587185684
            ],
            [
              -104.657915241346,
              50.4514049109898
            ],
            [
              -104.657952761044,
              50.4513554419771
            ],
            [
              -104.657963049057,
              50.4513118981981
            ],
            [
              -104.65796864465,
              50.4512609364115
            ],
            [
              -104.657943919311,
              50.4512059560491
            ],
            [
              -104.657910466493,
              50.4511444474518
            ],
            [
              -104.657883113751,
              50.4511047397566
            ],
            [
              -104.657833771981,
              50.4510528567014
            ],
            [
              -104.65777967326,
              50.4510072757253
            ],
            [
              -104.657729622866,
              50.45097261179
            ],
            [
              -104.657678521349,
              50.4509392066925
            ],
            [
              -104.657577345966,
              50.4509081525392
            ],
            [
              -104.657497567966,
              50.4508914974444
            ],
            [
              -104.657402360887,
              50.4508854329535
            ],
            [
              -104.657315145695,
              50.4508916280988
            ],
            [
              -104.657231478486,
              50.4508966062118
            ],
            [
              -104.657094228915,
              50.4509163208789
            ],
            [
              -104.657003215372,
              50.4509297913973
            ],
            [
              -104.656894984602,
              50.4509487164756
            ],
            [
              -104.656781392199,
              50.4509764863535
            ],
            [
              -104.656696556038,
              50.4509977183686
            ],
            [
              -104.656497549142,
              50.451072876154
            ],
            [
              -104.656411292908,
              50.4510921698326
            ],
            [
              -104.656342884546,
              50.4511028281127
            ],
            [
              -104.656228660808,
              50.4511337776614
            ],
            [
              -104.656126843556,
              50.4511668499342
            ],
            [
              -104.656001368721,
              50.4511918666434
            ],
            [
              -104.655877155487,
              50.4512226481807
            ],
            [
              -104.655765126035,
              50.4512488477741
            ],
            [
              -104.655637127053,
              50.4512502084885
            ],
            [
              -104.655516264515,
              50.4512481790324
            ],
            [
              -104.655405758353,
              50.451237388473
            ],
            [
              -104.655293925356,
              50.4512224272802
            ],
            [
              -104.655172090031,
              50.4511954914044
            ],
            [
              -104.655061557703,
              50.4511489611681
            ],
            [
              -104.654974144487,
              50.4511114349072
            ],
            [
              -104.654882262398,
              50.4510610694686
            ],
            [
              -104.654785583521,
              50.4510058370425
            ],
            [
              -104.654721486006,
              50.4509482800417
            ],
            [
              -104.654645546754,
              50.4508870139598
            ],
            [
              -104.654555611064,
              50.4508015804161
            ],
            [
              -104.654500358862,
              50.4507355563385
            ],
            [
              -104.65444212424,
              50.4506570371079
            ],
            [
              -104.654470880189,
              50.4504763554701
            ],
            [
              -104.653706633463,
              50.45047596919
            ],
            [
              -104.653706825847,
              50.4502570696337
            ],
            [
              -104.653764119996,
              50.449992113393
            ],
            [
              -104.653843449478,
              50.4497764163315
            ],
            [
              -104.653822322308,
              50.4495454010456
            ],
            [
              -104.653707869103,
              50.4493256196161
            ],
            [
              -104.653708259237,
              50.4489260407353
            ],
            [
              -104.653235990813,
              50.4489256224655
            ],
            [
              -104.652555365653,
              50.448758020582
            ],
            [
              -104.652555549263,
              50.4486754609722
            ],
            [
              -104.652374037458,
              50.4486696123924
            ],
            [
              -104.651954422128,
              50.4486346314234
            ],
            [
              -104.651532445556,
              50.4486143913137
            ],
            [
              -104.651115482103,
              50.4485637664765
            ],
            [
              -104.650924920324,
              50.4485246126818
            ],
            [
              -104.650466467266,
              50.4483895922946
            ],
            [
              -104.650314490839,
              50.448294344274
            ],
            [
              -104.650219806977,
              50.4482035853801
            ],
            [
              -104.64982302933,
              50.4482043701162
            ],
            [
              -104.649798505798,
              50.4482039009006
            ],
            [
              -104.64978017951,
              50.4482028324481
            ],
            [
              -104.649761965904,
              50.4482011530693
            ],
            [
              -104.649749911024,
              50.4481996962653
            ],
            [
              -104.649731996018,
              50.4481970096576
            ],
            [
              -104.649720185383,
              50.4481948873554
            ],
            [
              -104.649702705393,
              50.4481912140748
            ],
            [
              -104.64968555014,
              50.4481869615876
            ],
            [
              -104.64967431726,
              50.4481838104495
            ],
            [
              -104.64965240234,
              50.4481767673343
            ],
            [
              -104.649636500631,
              50.4481708537576
            ],
            [
              -104.649621104888,
              50.4481644164881
            ],
            [
              -104.649606258245,
              50.4481574740743
            ],
            [
              -104.64959200113,
              50.448150044769
            ],
            [
              -104.649573975332,
              50.4481394171448
            ],
            [
              -104.649561242214,
              50.4481309339387
            ],
            [
              -104.649545379716,
              50.4481189829539
            ],
            [
              -104.649534360764,
              50.4481095721846
            ],
            [
              -104.64952617515,
              50.448101850056
            ],
            [
              -104.64931084363,
              50.4478893151138
            ],
            [
              -104.649275162211,
              50.4477056509282
            ],
            [
              -104.649274298622,
              50.4476987037022
            ],
            [
              -104.649274386189,
              50.4476917351685
            ],
            [
              -104.649275424525,
              50.4476847977035
            ],
            [
              -104.649276934882,
              50.4476793060713
            ],
            [
              -104.649279660177,
              50.4476725578748
            ],
            [
              -104.649283296395,
              50.4476659871111
            ],
            [
              -104.649286842831,
              50.447660891856
            ],
            [
              -104.649292043785,
              50.4476547649727
            ],
            [
              -104.649296794589,
              50.4476500866109
            ],
            [
              -104.64930343251,
              50.4476445548872
            ],
            [
              -104.649312356715,
              50.4476384354817
            ],
            [
              -104.649320525725,
              50.447633814041
            ],
            [
              -104.649331114541,
              50.4476288945478
            ],
            [
              -104.649340514566,
              50.447625353144
            ],
            [
              -104.649352379048,
              50.4476218142726
            ],
            [
              -104.649362664333,
              50.4476194830948
            ],
            [
              -104.649375368591,
              50.4476174544751
            ],
            [
              -104.650677858148,
              50.4474773897064
            ],
            [
              -104.650689768611,
              50.4474256500102
            ],
            [
              -104.651522447918,
              50.4467852525446
            ],
            [
              -104.660850901064,
              50.4458625220001
            ],
            [
              -104.664059694228,
              50.4453628196756
            ],
            [
              -104.687001958657,
              50.443071809203
            ]
          ]
        ]
      },
      "properties": {
        "name": "UNDEVELOP",
        "source": "city_of_regina_gis",
        "objectid": 46,
        "shape__area": 6334428.3984375,
        "shape__length": 12673.21437593489
      }
    },
    {
      "type": "Feature",
      "geometry": {
        "type": "Polygon",
        "coordinates": [
          [
            [
              -104.600577989048,
              50.48071340775
            ],
            [
              -104.606499390191,
              50.4807335713308
            ],
            [
              -104.606469931066,
              50.4842757837899
            ],
            [
              -104.595103168931,
              50.4842806266334
            ],
            [
              -104.595133865723,
              50.4806945915989
            ],
            [
              -104.600577989048,
              50.48071340775
            ]
          ]
        ]
      },
      "properties": {
        "name": "Churchill Place",
        "source": "city_of_regina_gis",
        "objectid": 16,
        "shape__area": 788921.1171875,
        "shape__length": 3777.6294487828713
      }
    },
    {
      "type": "Feature",
      "geometry": {
        "type": "Polygon",
        "coordinates": [
          [
            [
              -104.61999704325,
              50.418717015426
            ],
            [
              -104.620541560828,
              50.4196173475896
            ],
            [
              -104.621041952579,
              50.4205177675979
            ],
            [
              -104.621238105246,
              50.4213801305681
            ],
            [
              -104.621351907054,
              50.4216584766772
            ],
            [
              -104.621363007611,
              50.4220847408763
            ],
            [
              -104.621090696139,
              50.4232530007564
            ],
            [
              -104.621088068847,
              50.4234199603809
            ],
            [
              -104.618083213054,
              50.4233989409905
            ],
            [
              -104.618083269183,
              50.4233797507719
            ],
            [
              -104.618096865567,
              50.4187181091043
            ],
            [
              -104.61999704325,
              50.418717015426
            ]
          ]
        ]
      },
      "properties": {
        "name": "Lakeview Place",
        "source": "city_of_regina_gis",
        "objectid": 17,
        "shape__area": 261454.0859375,
        "shape__length": 2212.4050391243754
      }
    },
    {
      "type": "Feature",
      "geometry": {
        "type": "Polygon",
        "coordinates": [
          [
            [
              -104.732557653284,
              50.4406575601751
            ],
            [
              -104.732556718349,
              50.4393493566326
            ],
            [
              -104.744004835754,
              50.4381225419183
            ],
            [
              -104.74401499772,
              50.4406401461121
            ],
            [
              -104.732561685904,
              50.4406575919623
            ],
            [
              -104.732557654411,
              50.4406591195591
            ],
            [
              -104.732557653284,
              50.4406575601751
            ]
          ]
        ]
      },
      "properties": {
        "name": "West Industrial Lands",
        "source": "city_of_regina_gis",
        "objectid": 21,
        "shape__area": 426336.0390625,
        "shape__length": 3236.7850895957436
      }
    },
    {
      "type": "Feature",
      "geometry": {
        "type": "Polygon",
        "coordinates": [
          [
            [
              -104.529161749266,
              50.4551083217668
            ],
            [
              -104.53273230836,
              50.455119123919
            ],
            [
              -104.533652632579,
              50.4561517123144
            ],
            [
              -104.533559396837,
              50.456321314233
            ],
            [
              -104.533883079986,
              50.4566838772367
            ],
            [
              -104.533556487716,
              50.4574761480278
            ],
            [
              -104.532100518601,
              50.4580055903961
            ],
            [
              -104.531869913147,
              50.457747151981
            ],
            [
              -104.531840334079,
              50.4577617962755
            ],
            [
              -104.531831352993,
              50.4577659181197
            ],
            [
              -104.531815673288,
              50.4577721029382
            ],
            [
              -104.531799209002,
              50.4577773918775
            ],
            [
              -104.531782085405,
              50.457781744863
            ],
            [
              -104.531771548673,
              50.4577838931203
            ],
            [
              -104.531760850448,
              50.4577856864589
            ],
            [
              -104.531742740226,
              50.4577878733123
            ],
            [
              -104.53172440065,
              50.4577890444969
            ],
            [
              -104.531752627904,
              50.4581118420639
            ],
            [
              -104.531618476763,
              50.4584006202926
            ],
            [
              -104.531673884992,
              50.4584105561385
            ],
            [
              -104.531939558978,
              50.4584557832116
            ],
            [
              -104.532161915201,
              50.4584557203575
            ],
            [
              -104.532180270971,
              50.4584568172317
            ],
            [
              -104.532198407534,
              50.4584589311307
            ],
            [
              -104.532216186195,
              50.4584620462442
            ],
            [
              -104.532233471947,
              50.4584661387188
            ],
            [
              -104.532408940951,
              50.4582014479496
            ],
            [
              -104.532593176519,
              50.4582762938917
            ],
            [
              -104.532757975946,
              50.458422109927
            ],
            [
              -104.532812731084,
              50.4585985116857
            ],
            [
              -104.532600920211,
              50.4591057916066
            ],
            [
              -104.53260145079,
              50.4598381315676
            ],
            [
              -104.532468889461,
              50.4599228567998
            ],
            [
              -104.532469436494,
              50.4607648064854
            ],
            [
              -104.532377910887,
              50.4607897423061
            ],
            [
              -104.526225800894,
              50.4606749490801
            ],
            [
              -104.526184279407,
              50.4550992299048
            ],
            [
              -104.529161749266,
              50.4551083217668
            ]
          ]
        ]
      },
      "properties": {
        "name": "Creekside",
        "source": "city_of_regina_gis",
        "objectid": 27,
        "shape__area": 734772.1640625,
        "shape__length": 3816.55777485569
      }
    },
    {
      "type": "Feature",
      "geometry": {
        "type": "Polygon",
        "coordinates": [
          [
            [
              -104.664002237676,
              50.4185424102212
            ],
            [
              -104.664001485253,
              50.4259037534774
            ],
            [
              -104.664036244925,
              50.4262725173075
            ],
            [
              -104.656664016028,
              50.4262509408416
            ],
            [
              -104.656663194899,
              50.4251902225604
            ],
            [
              -104.655221183941,
              50.4251905371252
            ],
            [
              -104.655219912853,
              50.4234917373488
            ],
            [
              -104.653778091632,
              50.4234921254849
            ],
            [
              -104.653776743812,
              50.4218875777778
            ],
            [
              -104.652333842528,
              50.4218879453334
            ],
            [
              -104.652331574807,
              50.4188630398681
            ],
            [
              -104.643747935869,
              50.4188678482107
            ],
            [
              -104.643753495171,
              50.4268653338348
            ],
            [
              -104.641563759055,
              50.4268672735758
            ],
            [
              -104.641485004443,
              50.4265762909874
            ],
            [
              -104.641408316506,
              50.426260174266
            ],
            [
              -104.641340277231,
              50.425943250696
            ],
            [
              -104.641280907347,
              50.4256256164782
            ],
            [
              -104.641230224416,
              50.425307368953
            ],
            [
              -104.640979925018,
              50.4234067523027
            ],
            [
              -104.640962267537,
              50.4187030867616
            ],
            [
              -104.640961649109,
              50.4185383251074
            ],
            [
              -104.655843835369,
              50.4185131342519
            ],
            [
              -104.664002237676,
              50.4185424102212
            ]
          ]
        ]
      },
      "properties": {
        "name": "Connaught Park",
        "source": "city_of_regina_gis",
        "objectid": 33,
        "shape__area": 2015172.6015625,
        "shape__length": 10564.64732522536
      }
    },
    {
      "type": "Feature",
      "geometry": {
        "type": "Polygon",
        "coordinates": [
          [
            [
              -104.636987328806,
              50.4629485787616
            ],
            [
              -104.640954447469,
              50.4629467116165
            ],
            [
              -104.64097430823,
              50.466171361243
            ],
            [
              -104.636962650029,
              50.4661587991673
            ],
            [
              -104.636987328806,
              50.4629485787616
            ]
          ]
        ]
      },
      "properties": {
        "name": "Windsor Place",
        "source": "city_of_regina_gis",
        "objectid": 47,
        "shape__area": 249874.9609375,
        "shape__length": 2013.5266545266386
      }
    },
    {
      "type": "Feature",
      "geometry": {
        "type": "Polygon",
        "coordinates": [
          [
            [
              -104.618024452141,
              50.4939391733261
            ],
            [
              -104.61808332513,
              50.4868172223519
            ],
            [
              -104.619286649596,
              50.4866656252464
            ],
            [
              -104.622527327944,
              50.4861790481407
            ],
            [
              -104.625706790988,
              50.485845149572
            ],
            [
              -104.629066588899,
              50.4854352714547
            ],
            [
              -104.632907305654,
              50.4848356119613
            ],
            [
              -104.639904446743,
              50.484300369948
            ],
            [
              -104.641140507518,
              50.4841642583159
            ],
            [
              -104.641140562211,
              50.4842015872974
            ],
            [
              -104.641154846181,
              50.4939043008739
            ],
            [
              -104.618024452141,
              50.4939391733261
            ]
          ],
          [
            [
              -104.629533509861,
              50.4916121174191
            ],
            [
              -104.629538322498,
              50.4914978933309
            ],
            [
              -104.624623532939,
              50.4914939138566
            ],
            [
              -104.624136986108,
              50.491284712043
            ],
            [
              -104.623666872107,
              50.491616649052
            ],
            [
              -104.623640637713,
              50.491601311269
            ],
            [
              -104.623614826992,
              50.49158568361
            ],
            [
              -104.623589447577,
              50.4915697707046
            ],
            [
              -104.623564507095,
              50.4915535777578
            ],
            [
              -104.623540014079,
              50.4915371096899
            ],
            [
              -104.623515974804,
              50.4915203717016
            ],
            [
              -104.623492397354,
              50.4915033681362
            ],
            [
              -104.623469288449,
              50.4914861050591
            ],
            [
              -104.62344665572,
              50.4914685870999
            ],
            [
              -104.62342450544,
              50.4914508197471
            ],
            [
              -104.623402844781,
              50.49143280878
            ],
            [
              -104.623381680019,
              50.4914145591114
            ],
            [
              -104.623361017872,
              50.491396076807
            ],
            [
              -104.623340864615,
              50.4913773670673
            ],
            [
              -104.623321226064,
              50.4913584359551
            ],
            [
              -104.623302108941,
              50.4913392889602
            ],
            [
              -104.62328351816,
              50.4913199321424
            ],
            [
              -104.623265459543,
              50.4913003709886
            ],
            [
              -104.623247939351,
              50.4912806121385
            ],
            [
              -104.623230962052,
              50.4912606610747
            ],
            [
              -104.623214533459,
              50.4912405241476
            ],
            [
              -104.623198658037,
              50.4912202071276
            ],
            [
              -104.623183340695,
              50.4911997166499
            ],
            [
              -104.623168586799,
              50.4911790587756
            ],
            [
              -104.623154399907,
              50.4911582395599
            ],
            [
              -104.623140784927,
              50.4911372659258
            ],
            [
              -104.623127745873,
              50.4911161436422
            ],
            [
              -104.6231152863,
              50.49109487934
            ],
            [
              -104.623103410666,
              50.4910734796528
            ],
            [
              -104.623092122526,
              50.4910519512115
            ],
            [
              -104.623081424989,
              50.4910303000696
            ],
            [
              -104.623071321155,
              50.4910085334322
            ],
            [
              -104.623061814585,
              50.4909866573545
            ],
            [
              -104.623052907477,
              50.4909646787504
            ],
            [
              -104.623044603386,
              50.4909426045387
            ],
            [
              -104.623036904516,
              50.4909204410579
            ],
            [
              -104.623029813065,
              50.4908981952219
            ],
            [
              -104.623023331235,
              50.4908758739451
            ],
            [
              -104.623017461227,
              50.4908534838537
            ],
            [
              -104.623012204338,
              50.4908310318589
            ],
            [
              -104.623007562771,
              50.490808524587
            ],
            [
              -104.623003537821,
              50.4907859692368
            ],
            [
              -104.623000130337,
              50.4907633724304
            ],
            [
              -104.622997341615,
              50.4907407410788
            ],
            [
              -104.62299517205,
              50.490718082378
            ],
            [
              -104.622993623393,
              50.4906954026651
            ],
            [
              -104.622992387454,
              50.4906503767683
            ],
            [
              -104.62299242371,
              50.4900269585021
            ],
            [
              -104.61939205291,
              50.4900372742917
            ],
            [
              -104.619396056608,
              50.4933729811209
            ],
            [
              -104.629535537442,
              50.4933747275485
            ],
            [
              -104.629533509861,
              50.4916121174191
            ]
          ]
        ]
      },
      "properties": {
        "name": "Argyle Park",
        "source": "city_of_regina_gis",
        "objectid": 115,
        "shape__area": 3366951.6875,
        "shape__length": 11568.25597148453
      }
    },
    {
      "type": "Feature",
      "geometry": {
        "type": "Polygon",
        "coordinates": [
          [
            [
              -104.643791053344,
              50.4662267986463
            ],
            [
              -104.643794263882,
              50.4674089032955
            ],
            [
              -104.64379592186,
              50.4674710189587
            ],
            [
              -104.643798024813,
              50.4675020534929
            ],
            [
              -104.643800975668,
              50.4675330601164
            ],
            [
              -104.64380477405,
              50.4675640287553
            ],
            [
              -104.643809418675,
              50.4675949507719
            ],
            [
              -104.643814907815,
              50.4676258160885
            ],
            [
              -104.643821240639,
              50.4676566154929
            ],
            [
              -104.643828414514,
              50.467687339768
            ],
            [
              -104.643836427257,
              50.4677179794098
            ],
            [
              -104.643845277136,
              50.4677485252037
            ],
            [
              -104.643854960617,
              50.4677789676417
            ],
            [
              -104.643865475062,
              50.467809297794
            ],
            [
              -104.643876817389,
              50.4678395061542
            ],
            [
              -104.64388898406,
              50.4678695835018
            ],
            [
              -104.64390197109,
              50.4678995206153
            ],
            [
              -104.643915774938,
              50.467929308562
            ],
            [
              -104.643930391615,
              50.4679589384082
            ],
            [
              -104.643945815783,
              50.4679884006402
            ],
            [
              -104.643962043449,
              50.4680176868997
            ],
            [
              -104.643979069724,
              50.4680467876742
            ],
            [
              -104.643996889265,
              50.4680756943136
            ],
            [
              -104.644015496276,
              50.4681043981661
            ],
            [
              -104.644034885411,
              50.4681328905814
            ],
            [
              -104.64405505043,
              50.4681611623307
            ],
            [
              -104.644075985982,
              50.4681892053394
            ],
            [
              -104.644097685371,
              50.4682170109528
            ],
            [
              -104.644120141447,
              50.4682445705151
            ],
            [
              -104.644143347511,
              50.4682718756594
            ],
            [
              -104.644167297312,
              50.4682989183083
            ],
            [
              -104.644191982796,
              50.4683256900908
            ],
            [
              -104.644217396364,
              50.4683521826373
            ],
            [
              -104.644243530856,
              50.468378388443
            ],
            [
              -104.644270377771,
              50.4684042988479
            ],
            [
              -104.644297929502,
              50.4684299063457
            ],
            [
              -104.64432617709,
              50.4684552028505
            ],
            [
              -104.644355112024,
              50.4684801811411
            ],
            [
              -104.644384725798,
              50.468504833133
            ],
            [
              -104.644415008996,
              50.4685291516021
            ],
            [
              -104.644445952658,
              50.4685531290382
            ],
            [
              -104.644477547371,
              50.4685767579294
            ],
            [
              -104.644509783717,
              50.4686000316275
            ],
            [
              -104.64454265138,
              50.4686229426177
            ],
            [
              -104.644576140493,
              50.4686454839627
            ],
            [
              -104.644610241188,
              50.4686676487249
            ],
            [
              -104.644644942694,
              50.4686894302517
            ],
            [
              -104.644680234687,
              50.4687108221796
            ],
            [
              -104.644716105945,
              50.4687318175672
            ],
            [
              -104.644752546144,
              50.4687524103388
            ],
            [
              -104.644789544061,
              50.4687725938404
            ],
            [
              -104.644827088015,
              50.4687923622802
            ],
            [
              -104.644865167229,
              50.4688117095812
            ],
            [
              -104.644903769574,
              50.4688306296624
            ],
            [
              -104.644942883367,
              50.4688491170196
            ],
            [
              -104.644982496928,
              50.468867165861
            ],
            [
              -104.64502259767,
              50.4688847706797
            ],
            [
              -104.645063174363,
              50.468901925973
            ],
            [
              -104.645104213516,
              50.4689186268068
            ],
            [
              -104.645145703442,
              50.468934867965
            ],
            [
              -104.645187631102,
              50.4689506445148
            ],
            [
              -104.645229983906,
              50.4689659515251
            ],
            [
              -104.645272748809,
              50.4689807846389
            ],
            [
              -104.645315912771,
              50.4689951389234
            ],
            [
              -104.645359462746,
              50.4690090103096
            ],
            [
              -104.645403385234,
              50.4690223947269
            ],
            [
              -104.645447667645,
              50.4690352875319
            ],
            [
              -104.645492295574,
              50.4690476852267
            ],
            [
              -104.645537255521,
              50.4690595840289
            ],
            [
              -104.645582534436,
              50.4690709801569
            ],
            [
              -104.645628117915,
              50.469081870113
            ],
            [
              -104.645673992003,
              50.4690922506889
            ],
            [
              -104.645720143195,
              50.4691021186774
            ],
            [
              -104.645766557533,
              50.4691114711577
            ],
            [
              -104.645813220157,
              50.4691203052066
            ],
            [
              -104.645860117558,
              50.4691286181924
            ],
            [
              -104.645907234875,
              50.4691364074797
            ],
            [
              -104.645954558145,
              50.4691436707234
            ],
            [
              -104.646002072953,
              50.4691504058649
            ],
            [
              -104.646049764885,
              50.4691566105578
            ],
            [
              -104.646097619073,
              50.4691622830301
            ],
            [
              -104.646145621097,
              50.4691674217986
            ],
            [
              -104.646193756089,
              50.4691720250913
            ],
            [
              -104.64624201008,
              50.4691760914267
            ],
            [
              -104.646290367747,
              50.4691796196069
            ],
            [
              -104.646338814213,
              50.4691826087233
            ],
            [
              -104.646387335508,
              50.469185057582
            ],
            [
              -104.646435916305,
              50.4691869655608
            ],
            [
              -104.646484541723,
              50.4691883323269
            ],
            [
              -104.646533197336,
              50.4691891572606
            ],
            [
              -104.646754358501,
              50.4691904416707
            ],
            [
              -104.646754359743,
              50.4691893066409
            ],
            [
              -104.648024527435,
              50.4691883379063
            ],
            [
              -104.648024467277,
              50.4690074840596
            ],
            [
              -104.649750634981,
              50.4690062307201
            ],
            [
              -104.649750701721,
              50.4691870848672
            ],
            [
              -104.652553884306,
              50.4691848538686
            ],
            [
              -104.652553731605,
              50.4691653270392
            ],
            [
              -104.653452808488,
              50.4687058021763
            ],
            [
              -104.664032371405,
              50.4687019411818
            ],
            [
              -104.664027840819,
              50.4693381726282
            ],
            [
              -104.664016244238,
              50.4709664144562
            ],
            [
              -104.652571056458,
              50.4709327440852
            ],
            [
              -104.651241635388,
              50.470928759621
            ],
            [
              -104.651230087844,
              50.4724909827616
            ],
            [
              -104.651231535983,
              50.4733816786956
            ],
            [
              -104.649504511014,
              50.4733823158457
            ],
            [
              -104.649503337085,
              50.4726297585541
            ],
            [
              -104.64896656597,
              50.4726299327228
            ],
            [
              -104.648880606135,
              50.4726296722962
            ],
            [
              -104.648880818971,
              50.4726767975209
            ],
            [
              -104.648344046671,
              50.4726770583175
            ],
            [
              -104.648343593518,
              50.4724920664519
            ],
            [
              -104.64661815197,
              50.4724922939944
            ],
            [
              -104.646618313624,
              50.4729039234774
            ],
            [
              -104.645458242905,
              50.4729037075303
            ],
            [
              -104.645457378375,
              50.4724935257671
            ],
            [
              -104.645173985823,
              50.4724935577958
            ],
            [
              -104.645174704516,
              50.4729040988529
            ],
            [
              -104.644015893362,
              50.472905131439
            ],
            [
              -104.644015471487,
              50.4724938723804
            ],
            [
              -104.64373207895,
              50.4724939008984
            ],
            [
              -104.643732497017,
              50.472905339528
            ],
            [
              -104.642572142327,
              50.4729054536806
            ],
            [
              -104.642571591828,
              50.4724941950729
            ],
            [
              -104.642288199306,
              50.4724942200754
            ],
            [
              -104.64228877766,
              50.4728642900851
            ],
            [
              -104.64226853931,
              50.4728640773734
            ],
            [
              -104.642248324651,
              50.4728634143438
            ],
            [
              -104.642228158935,
              50.472862301362
            ],
            [
              -104.642208066052,
              50.4728607396524
            ],
            [
              -104.642188070789,
              50.4728587315936
            ],
            [
              -104.64216819748,
              50.472856279275
            ],
            [
              -104.642148470904,
              50.4728533859384
            ],
            [
              -104.642128914033,
              50.4728500551081
            ],
            [
              -104.642109551642,
              50.4728462906015
            ],
            [
              -104.642090406693,
              50.4728420970939
            ],
            [
              -104.642071502598,
              50.4728374798376
            ],
            [
              -104.642052862763,
              50.4728324443727
            ],
            [
              -104.642034509238,
              50.4728269970984
            ],
            [
              -104.642016465426,
              50.4728211441303
            ],
            [
              -104.641998752016,
              50.4728148927269
            ],
            [
              -104.641981391948,
              50.4728082507292
            ],
            [
              -104.641964405003,
              50.4728012262562
            ],
            [
              -104.641947813215,
              50.4727938274339
            ],
            [
              -104.641931635904,
              50.4727860638189
            ],
            [
              -104.641915892841,
              50.4727779446814
            ],
            [
              -104.641900603343,
              50.4727694798657
            ],
            [
              -104.641885786274,
              50.4727606795026
            ],
            [
              -104.641871459587,
              50.4727515545835
            ],
            [
              -104.641857640338,
              50.4727421160969
            ],
            [
              -104.641837900367,
              50.4727273960488
            ],
            [
              -104.641825422824,
              50.4727172249515
            ],
            [
              -104.641813509221,
              50.4727067821904
            ],
            [
              -104.641802173893,
              50.4726960801846
            ],
            [
              -104.641791430716,
              50.4726851325029
            ],
            [
              -104.64178129312,
              50.4726739524252
            ],
            [
              -104.641771772729,
              50.4726625529376
            ],
            [
              -104.641762881608,
              50.4726509487548
            ],
            [
              -104.641754630477,
              50.4726391534358
            ],
            [
              -104.641743475843,
              50.4726211338378
            ],
            [
              -104.641736867042,
              50.4726089245541
            ],
            [
              -104.641730929862,
              50.4725965751704
            ],
            [
              -104.641725671847,
              50.4725841015383
            ],
            [
              -104.641721099201,
              50.4725715180664
            ],
            [
              -104.641717217217,
              50.4725588405992
            ],
            [
              -104.641713389374,
              50.4725429973508
            ],
            [
              -104.64166501521,
              50.4725235839558
            ],
            [
              -104.641667605676,
              50.4733851268182
            ],
            [
              -104.64173348437,
              50.4733854654469
            ],
            [
              -104.641763801524,
              50.4733861280023
            ],
            [
              -104.641794064427,
              50.4733874652438
            ],
            [
              -104.641839275408,
              50.4733907329058
            ],
            [
              -104.641884156199,
              50.4733955058127
            ],
            [
              -104.641928584241,
              50.4734017712131
            ],
            [
              -104.641972437461,
              50.4734095117523
            ],
            [
              -104.642001294498,
              50.4734154814434
            ],
            [
              -104.642029807149,
              50.473422090107
            ],
            [
              -104.64207185562,
              50.4734331835353
            ],
            [
              -104.642112936697,
              50.4734456662884
            ],
            [
              -104.642152937452,
              50.4734595037736
            ],
            [
              -104.642191749042,
              50.473474658245
            ],
            [
              -104.642229264455,
              50.4734910882213
            ],
            [
              -104.642265380765,
              50.4735087484926
            ],
            [
              -104.642289714725,
              50.4735217820495
            ],
            [
              -104.643733343587,
              50.4735213739928
            ],
            [
              -104.643733477079,
              50.4740451364579
            ],
            [
              -104.643110163125,
              50.4740451959885
            ],
            [
              -104.64311249328,
              50.4754150458269
            ],
            [
              -104.64167955462,
              50.475414817814
            ],
            [
              -104.641682471568,
              50.4756889382743
            ],
            [
              -104.642292142508,
              50.4756891871964
            ],
            [
              -104.642293719787,
              50.4762122917221
            ],
            [
              -104.641755922199,
              50.4762125193121
            ],
            [
              -104.641755959447,
              50.4764865448211
            ],
            [
              -104.641134173047,
              50.4764864010807
            ],
            [
              -104.641132645513,
              50.4755966127499
            ],
            [
              -104.641032365225,
              50.4755966229748
            ],
            [
              -104.640994470072,
              50.4694450037985
            ],
            [
              -104.641237391556,
              50.4694446445502
            ],
            [
              -104.641236972874,
              50.4693277019875
            ],
            [
              -104.641510714747,
              50.4692643673968
            ],
            [
              -104.641557242661,
              50.4692528236457
            ],
            [
              -104.64160344754,
              50.4692407637417
            ],
            [
              -104.641649315833,
              50.4692281908092
            ],
            [
              -104.641694833079,
              50.4692151088332
            ],
            [
              -104.641739985717,
              50.4692015220891
            ],
            [
              -104.64178476019,
              50.4691874342768
            ],
            [
              -104.641829142034,
              50.4691728499568
            ],
            [
              -104.64187311859,
              50.4691577734076
            ],
            [
              -104.641916675841,
              50.4691422094787
            ],
            [
              -104.64195980113,
              50.4691261624485
            ],
            [
              -104.642002480886,
              50.4691096377438
            ],
            [
              -104.642044701996,
              50.4690926402171
            ],
            [
              -104.642086451796,
              50.4690751747223
            ],
            [
              -104.642127718069,
              50.469057246978
            ],
            [
              -104.642168487246,
              50.4690388624112
            ],
            [
              -104.642208747562,
              50.4690200261662
            ],
            [
              -104.642248486798,
              50.4690007442496
            ],
            [
              -104.642287692735,
              50.4689810223801
            ],
            [
              -104.642326353153,
              50.4689608665643
            ],
            [
              -104.64236445673,
              50.4689402833869
            ],
            [
              -104.642401991244,
              50.4689192788546
            ],
            [
              -104.642438945824,
              50.4688978595536
            ],
            [
              -104.64247530915,
              50.468876031781
            ],
            [
              -104.642511069899,
              50.4688538021216
            ],
            [
              -104.642546217195,
              50.4688311777373
            ],
            [
              -104.642580740618,
              50.4688081652158
            ],
            [
              -104.642614629291,
              50.4687847717189
            ],
            [
              -104.642647873242,
              50.4687610044112
            ],
            [
              -104.642680462046,
              50.4687368701683
            ],
            [
              -104.642712385727,
              50.4687123767301
            ],
            [
              -104.642753420438,
              50.4686795671388
            ],
            [
              -104.642783767405,
              50.4686542702312
            ],
            [
              -104.64281341795,
              50.4686286387839
            ],
            [
              -104.642842362995,
              50.4686026811155
            ],
            [
              -104.642870593912,
              50.4685764049702
            ],
            [
              -104.642898102075,
              50.4685498186678
            ],
            [
              -104.642924878858,
              50.468522929665
            ],
            [
              -104.642950916534,
              50.4684957465722
            ],
            [
              -104.642976206472,
              50.4684682777091
            ],
            [
              -104.643000741399,
              50.468440531112
            ],
            [
              -104.643024514035,
              50.4684125156805
            ],
            [
              -104.643062789766,
              50.4683647731464
            ],
            [
              -104.643084483824,
              50.4683360756031
            ],
            [
              -104.643105390105,
              50.4683071408054
            ],
            [
              -104.64312550178,
              50.4682779776543
            ],
            [
              -104.643144812924,
              50.4682485947656
            ],
            [
              -104.643163317155,
              50.4682190013294
            ],
            [
              -104.643181009899,
              50.4681892062535
            ],
            [
              -104.643197884776,
              50.4681592187278
            ],
            [
              -104.643213937661,
              50.4681290476615
            ],
            [
              -104.643229162625,
              50.4680987022459
            ],
            [
              -104.643243555538,
              50.4680681922535
            ],
            [
              -104.643257111828,
              50.4680375263041
            ],
            [
              -104.643269827364,
              50.4680067141703
            ],
            [
              -104.643281698471,
              50.4679757650501
            ],
            [
              -104.643292721924,
              50.4679446884309
            ],
            [
              -104.643302893142,
              50.4679134937961
            ],
            [
              -104.643312210254,
              50.4678821906369
            ],
            [
              -104.643320670033,
              50.4678507884407
            ],
            [
              -104.643328269704,
              50.4678192966963
            ],
            [
              -104.64333500694,
              50.4677877251813
            ],
            [
              -104.643341923437,
              50.467748805849
            ],
            [
              -104.643348915083,
              50.4677027717758
            ],
            [
              -104.643354156769,
              50.4676602151442
            ],
            [
              -104.643358233714,
              50.4676176063068
            ],
            [
              -104.643361145369,
              50.4675749587884
            ],
            [
              -104.643362889836,
              50.4675322855336
            ],
            [
              -104.643363467475,
              50.4674895989184
            ],
            [
              -104.643363083246,
              50.4671300509746
            ],
            [
              -104.643616273672,
              50.4667029324797
            ],
            [
              -104.643791053344,
              50.4662267986463
            ]
          ]
        ]
      },
      "properties": {
        "name": "Industrial Centre",
        "source": "city_of_regina_gis",
        "objectid": 1,
        "shape__area": 1441033.53125,
        "shape__length": 10022.239580579828
      }
    },
    {
      "type": "Feature",
      "geometry": {
        "type": "Polygon",
        "coordinates": [
          [
            [
              -104.677601657805,
              50.4568648385918
            ],
            [
              -104.675795977652,
              50.4568598079751
            ],
            [
              -104.675474418367,
              50.4568466427305
            ],
            [
              -104.675469862738,
              50.4551918567858
            ],
            [
              -104.678505650255,
              50.4551892843768
            ],
            [
              -104.678513375804,
              50.4565176436952
            ],
            [
              -104.679591406494,
              50.456517381259
            ],
            [
              -104.6795890186,
              50.4568703436009
            ],
            [
              -104.677601657805,
              50.4568648385918
            ]
          ]
        ]
      },
      "properties": {
        "name": "Grand Trunk Annex",
        "source": "city_of_regina_gis",
        "objectid": 23,
        "shape__area": 106231.5703125,
        "shape__length": 1499.3705609560557
      }
    },
    {
      "type": "Feature",
      "geometry": {
        "type": "Polygon",
        "coordinates": [
          [
            [
              -104.641022873191,
              50.4348390427193
            ],
            [
              -104.641005426848,
              50.4302004830435
            ],
            [
              -104.640992917128,
              50.4268677619451
            ],
            [
              -104.640979925018,
              50.4234067523027
            ],
            [
              -104.641230224416,
              50.425307368953
            ],
            [
              -104.641280907347,
              50.4256256164782
            ],
            [
              -104.641340277231,
              50.425943250696
            ],
            [
              -104.641408316506,
              50.426260174266
            ],
            [
              -104.641485004443,
              50.4265762909874
            ],
            [
              -104.641563759055,
              50.4268672735758
            ],
            [
              -104.643753495171,
              50.4268653338348
            ],
            [
              -104.643747935869,
              50.4188678482107
            ],
            [
              -104.652331574807,
              50.4188630398681
            ],
            [
              -104.652333842528,
              50.4218879453334
            ],
            [
              -104.653776743812,
              50.4218875777778
            ],
            [
              -104.653778091632,
              50.4234921254849
            ],
            [
              -104.655219912853,
              50.4234917373488
            ],
            [
              -104.655221183941,
              50.4251905371252
            ],
            [
              -104.656663194899,
              50.4251902225604
            ],
            [
              -104.656664016028,
              50.4262509408416
            ],
            [
              -104.664036244925,
              50.4262725173075
            ],
            [
              -104.664001485253,
              50.4259037534774
            ],
            [
              -104.686978449907,
              50.425909874709
            ],
            [
              -104.686989750484,
              50.4333537476644
            ],
            [
              -104.67557986465,
              50.4333336617117
            ],
            [
              -104.675583751719,
              50.4383957169938
            ],
            [
              -104.680987794415,
              50.4422254202992
            ],
            [
              -104.687016596235,
              50.4422177883404
            ],
            [
              -104.68701424229,
              50.4425747079759
            ],
            [
              -104.687001958657,
              50.443071809203
            ],
            [
              -104.664059694228,
              50.4453628196756
            ],
            [
              -104.664058305528,
              50.4445266035496
            ],
            [
              -104.664108432943,
              50.4445267145736
            ],
            [
              -104.664094715878,
              50.4406998609514
            ],
            [
              -104.640948381026,
              50.4407066729044
            ],
            [
              -104.631185321354,
              50.4407080771554
            ],
            [
              -104.631180793099,
              50.4393536514669
            ],
            [
              -104.631178492033,
              50.4386653343357
            ],
            [
              -104.631802790333,
              50.4386580485573
            ],
            [
              -104.63278705387,
              50.4386904170314
            ],
            [
              -104.63386188053,
              50.4388546634611
            ],
            [
              -104.63466072615,
              50.439178871609
            ],
            [
              -104.635185176035,
              50.4394583443686
            ],
            [
              -104.635733541002,
              50.4396062900585
            ],
            [
              -104.643669211839,
              50.4396038843785
            ],
            [
              -104.644177856201,
              50.4394063869802
            ],
            [
              -104.644211982281,
              50.4348542881696
            ],
            [
              -104.641022873191,
              50.4348390427193
            ]
          ]
        ]
      },
      "properties": {
        "name": "Mirror Sun Gardens",
        "source": "city_of_regina_gis",
        "objectid": 34,
        "shape__area": 14298118.75,
        "shape__length": 25671.365884569845
      }
    },
    {
      "type": "Feature",
      "geometry": {
        "type": "Polygon",
        "coordinates": [
          [
            [
              -104.650274710215,
              50.5076023280695
            ],
            [
              -104.650996558356,
              50.508045229949
            ],
            [
              -104.651291896303,
              50.5082353458599
            ],
            [
              -104.65164686184,
              50.5083877932808
            ],
            [
              -104.652061037624,
              50.508559339624
            ],
            [
              -104.652505306593,
              50.5086742050383
            ],
            [
              -104.652919904055,
              50.508788980301
            ],
            [
              -104.653424078844,
              50.5088283283918
            ],
            [
              -104.653720400259,
              50.508885979382
            ],
            [
              -104.654076484605,
              50.5088870379336
            ],
            [
              -104.663940584815,
              50.5088974276671
            ],
            [
              -104.663935351206,
              50.5133928843983
            ],
            [
              -104.648999949281,
              50.5133607608053
            ],
            [
              -104.649040790991,
              50.5091171890908
            ],
            [
              -104.649402444814,
              50.5081573953703
            ],
            [
              -104.650274710215,
              50.5076023280695
            ]
          ]
        ]
      },
      "properties": {
        "name": "Skywood",
        "source": "city_of_regina_gis",
        "objectid": 35,
        "shape__area": 1354052.2890625,
        "shape__length": 5096.127572835182
      }
    },
    {
      "type": "Feature",
      "geometry": {
        "type": "Polygon",
        "coordinates": [
          [
            [
              -104.688258211205,
              50.4842982827215
            ],
            [
              -104.688024494955,
              50.4842983930219
            ],
            [
              -104.688001119242,
              50.4781324057581
            ],
            [
              -104.688255604919,
              50.4781332231511
            ],
            [
              -104.690654631186,
              50.4780691085927
            ],
            [
              -104.693734409264,
              50.4776502428001
            ],
            [
              -104.696326824179,
              50.4771367651941
            ],
            [
              -104.696369996984,
              50.4771293319788
            ],
            [
              -104.696259642954,
              50.4779657747648
            ],
            [
              -104.69628668509,
              50.4782326775571
            ],
            [
              -104.697569820033,
              50.4782924039306
            ],
            [
              -104.698387930761,
              50.4783193833748
            ],
            [
              -104.698483704059,
              50.4781457589165
            ],
            [
              -104.698487275835,
              50.4779893686213
            ],
            [
              -104.698628099661,
              50.4779406297095
            ],
            [
              -104.699540413803,
              50.4781799607617
            ],
            [
              -104.700528077437,
              50.4786523168545
            ],
            [
              -104.700707426403,
              50.4787294912684
            ],
            [
              -104.701810663144,
              50.4790705628024
            ],
            [
              -104.70314899256,
              50.4790533888358
            ],
            [
              -104.703360748252,
              50.4790251500106
            ],
            [
              -104.704977064376,
              50.478518615601
            ],
            [
              -104.705292186967,
              50.4785073320101
            ],
            [
              -104.705681590281,
              50.4803497793145
            ],
            [
              -104.705752477718,
              50.484346587055
            ],
            [
              -104.698421705494,
              50.4843446622378
            ],
            [
              -104.688258211205,
              50.4842982827215
            ]
          ]
        ]
      },
      "properties": {
        "name": "Westhill Park",
        "source": "city_of_regina_gis",
        "objectid": 37,
        "shape__area": 2101730.2265625,
        "shape__length": 6352.309476399336
      }
    },
    {
      "type": "Feature",
      "geometry": {
        "type": "Polygon",
        "coordinates": [
          [
            [
              -104.523448479892,
              50.4405842705767
            ],
            [
              -104.523540908566,
              50.4288756057652
            ],
            [
              -104.523627207754,
              50.428562087787
            ],
            [
              -104.523773203051,
              50.428326074602
            ],
            [
              -104.523949093864,
              50.4281239851556
            ],
            [
              -104.524170288596,
              50.4279269094714
            ],
            [
              -104.525570352562,
              50.4270103273244
            ],
            [
              -104.525768424898,
              50.4268566134455
            ],
            [
              -104.525982529485,
              50.4266112174844
            ],
            [
              -104.526113582341,
              50.4263558253117
            ],
            [
              -104.526177000526,
              50.4261150936877
            ],
            [
              -104.526176808251,
              50.4253359338303
            ],
            [
              -104.52666733807,
              50.4253348523961
            ],
            [
              -104.526716353046,
              50.4253350091832
            ],
            [
              -104.526765355819,
              50.4253357124139
            ],
            [
              -104.526814332425,
              50.4253369620316
            ],
            [
              -104.526863267106,
              50.4253387573966
            ],
            [
              -104.526912145002,
              50.4253410978729
            ],
            [
              -104.526960952154,
              50.4253439831161
            ],
            [
              -104.527009672357,
              50.4253474119092
            ],
            [
              -104.527058292105,
              50.4253513836218
            ],
            [
              -104.527106795649,
              50.4253558964634
            ],
            [
              -104.527155168133,
              50.4253609495102
            ],
            [
              -104.527203395612,
              50.4253665409791
            ],
            [
              -104.527251462785,
              50.4253726693692
            ],
            [
              -104.527299355709,
              50.4253793326094
            ],
            [
              -104.527347058638,
              50.4253865286215
            ],
            [
              -104.527394558077,
              50.4253942556241
            ],
            [
              -104.527441839188,
              50.4254025109671
            ],
            [
              -104.527488887581,
              50.4254112920022
            ],
            [
              -104.527535688416,
              50.4254205963672
            ],
            [
              -104.527582228658,
              50.4254304211314
            ],
            [
              -104.527663501662,
              50.4254489768432
            ],
            [
              -104.529846864074,
              50.425974254936
            ],
            [
              -104.532195632513,
              50.4265407317562
            ],
            [
              -104.532266550511,
              50.4265606248695
            ],
            [
              -104.53233691434,
              50.4265813056965
            ],
            [
              -104.532406702442,
              50.4266027678201
            ],
            [
              -104.532475893709,
              50.4266250048253
            ],
            [
              -104.53254446659,
              50.4266480094316
            ],
            [
              -104.532658486133,
              50.4266884645317
            ],
            [
              -104.532727314499,
              50.4267142754356
            ],
            [
              -104.532793405279,
              50.4267400758821
            ],
            [
              -104.532858780714,
              50.4267666092986
            ],
            [
              -104.532923421515,
              50.4267938675509
            ],
            [
              -104.532987307941,
              50.426821842215
            ],
            [
              -104.533050420254,
              50.4268505251549
            ],
            [
              -104.533112739626,
              50.426879906799
            ],
            [
              -104.533174246767,
              50.4269099790132
            ],
            [
              -104.533234922848,
              50.4269407325139
            ],
            [
              -104.533294749495,
              50.4269721574438
            ],
            [
              -104.533353708777,
              50.4270042448109
            ],
            [
              -104.533411782324,
              50.4270369844701
            ],
            [
              -104.533476472139,
              50.4270749135846
            ],
            [
              -104.537956847287,
              50.4246748171735
            ],
            [
              -104.540956414679,
              50.4260748296399
            ],
            [
              -104.539126308296,
              50.4276289395472
            ],
            [
              -104.53812845578,
              50.4285722975619
            ],
            [
              -104.537754927398,
              50.4290753846595
            ],
            [
              -104.537538052742,
              50.4297136477698
            ],
            [
              -104.537426492818,
              50.4303523282596
            ],
            [
              -104.537361018241,
              50.4316639536501
            ],
            [
              -104.537318889235,
              50.4326893323461
            ],
            [
              -104.537291924806,
              50.4333455841802
            ],
            [
              -104.537126044673,
              50.4341522329715
            ],
            [
              -104.536802821483,
              50.4348909817454
            ],
            [
              -104.536429227576,
              50.4353940624217
            ],
            [
              -104.535630999039,
              50.4362318237064
            ],
            [
              -104.534142770758,
              50.4376050271252
            ],
            [
              -104.533291131739,
              50.4385098340399
            ],
            [
              -104.533018830343,
              50.4394169643851
            ],
            [
              -104.533011863408,
              50.4401233327776
            ],
            [
              -104.533066267279,
              50.440594972622
            ],
            [
              -104.52618057392,
              50.440560671449
            ],
            [
              -104.523448479892,
              50.4405842705767
            ]
          ]
        ]
      },
      "properties": {
        "name": "Windsor Park",
        "source": "city_of_regina_gis",
        "objectid": 38,
        "shape__area": 3681170.875,
        "shape__length": 8550.385634725657
      }
    },
    {
      "type": "Feature",
      "geometry": {
        "type": "Polygon",
        "coordinates": [
          [
            [
              -104.640994470072,
              50.4694450037985
            ],
            [
              -104.64097430823,
              50.466171361243
            ],
            [
              -104.640954447469,
              50.4629467116165
            ],
            [
              -104.643588466803,
              50.4629393412408
            ],
            [
              -104.652504865884,
              50.4629122712061
            ],
            [
              -104.652553731605,
              50.4691653270392
            ],
            [
              -104.652553884306,
              50.4691848538686
            ],
            [
              -104.649750701721,
              50.4691870848672
            ],
            [
              -104.649750634981,
              50.4690062307201
            ],
            [
              -104.648024467277,
              50.4690074840596
            ],
            [
              -104.648024527435,
              50.4691883379063
            ],
            [
              -104.646754359743,
              50.4691893066409
            ],
            [
              -104.646744543648,
              50.4661903401698
            ],
            [
              -104.643790929659,
              50.4661813232262
            ],
            [
              -104.643791053344,
              50.4662267986463
            ],
            [
              -104.643616273672,
              50.4667029324797
            ],
            [
              -104.643363083246,
              50.4671300509746
            ],
            [
              -104.643363467475,
              50.4674895989184
            ],
            [
              -104.643362889836,
              50.4675322855336
            ],
            [
              -104.643361145369,
              50.4675749587884
            ],
            [
              -104.643358233714,
              50.4676176063068
            ],
            [
              -104.643354156769,
              50.4676602151442
            ],
            [
              -104.643348915083,
              50.4677027717758
            ],
            [
              -104.643341923437,
              50.467748805849
            ],
            [
              -104.64333500694,
              50.4677877251813
            ],
            [
              -104.643328269704,
              50.4678192966963
            ],
            [
              -104.643320670033,
              50.4678507884407
            ],
            [
              -104.643312210254,
              50.4678821906369
            ],
            [
              -104.643302893142,
              50.4679134937961
            ],
            [
              -104.643292721924,
              50.4679446884309
            ],
            [
              -104.643281698471,
              50.4679757650501
            ],
            [
              -104.643269827364,
              50.4680067141703
            ],
            [
              -104.643257111828,
              50.4680375263041
            ],
            [
              -104.643243555538,
              50.4680681922535
            ],
            [
              -104.643229162625,
              50.4680987022459
            ],
            [
              -104.643213937661,
              50.4681290476615
            ],
            [
              -104.643197884776,
              50.4681592187278
            ],
            [
              -104.643181009899,
              50.4681892062535
            ],
            [
              -104.643163317155,
              50.4682190013294
            ],
            [
              -104.643144812924,
              50.4682485947656
            ],
            [
              -104.64312550178,
              50.4682779776543
            ],
            [
              -104.643105390105,
              50.4683071408054
            ],
            [
              -104.643084483824,
              50.4683360756031
            ],
            [
              -104.643062789766,
              50.4683647731464
            ],
            [
              -104.643024514035,
              50.4684125156805
            ],
            [
              -104.643000741399,
              50.468440531112
            ],
            [
              -104.642976206472,
              50.4684682777091
            ],
            [
              -104.642950916534,
              50.4684957465722
            ],
            [
              -104.642924878858,
              50.468522929665
            ],
            [
              -104.642898102075,
              50.4685498186678
            ],
            [
              -104.642870593912,
              50.4685764049702
            ],
            [
              -104.642842362995,
              50.4686026811155
            ],
            [
              -104.64281341795,
              50.4686286387839
            ],
            [
              -104.642783767405,
              50.4686542702312
            ],
            [
              -104.642753420438,
              50.4686795671388
            ],
            [
              -104.642712385727,
              50.4687123767301
            ],
            [
              -104.642680462046,
              50.4687368701683
            ],
            [
              -104.642647873242,
              50.4687610044112
            ],
            [
              -104.642614629291,
              50.4687847717189
            ],
            [
              -104.642580740618,
              50.4688081652158
            ],
            [
              -104.642546217195,
              50.4688311777373
            ],
            [
              -104.642511069899,
              50.4688538021216
            ],
            [
              -104.64247530915,
              50.468876031781
            ],
            [
              -104.642438945824,
              50.4688978595536
            ],
            [
              -104.642401991244,
              50.4689192788546
            ],
            [
              -104.64236445673,
              50.4689402833869
            ],
            [
              -104.642326353153,
              50.4689608665643
            ],
            [
              -104.642287692735,
              50.4689810223801
            ],
            [
              -104.642248486798,
              50.4690007442496
            ],
            [
              -104.642208747562,
              50.4690200261662
            ],
            [
              -104.642168487246,
              50.4690388624112
            ],
            [
              -104.642127718069,
              50.469057246978
            ],
            [
              -104.642086451796,
              50.4690751747223
            ],
            [
              -104.642044701996,
              50.4690926402171
            ],
            [
              -104.642002480886,
              50.4691096377438
            ],
            [
              -104.64195980113,
              50.4691261624485
            ],
            [
              -104.641916675841,
              50.4691422094787
            ],
            [
              -104.64187311859,
              50.4691577734076
            ],
            [
              -104.641829142034,
              50.4691728499568
            ],
            [
              -104.64178476019,
              50.4691874342768
            ],
            [
              -104.641739985717,
              50.4692015220891
            ],
            [
              -104.641694833079,
              50.4692151088332
            ],
            [
              -104.641649315833,
              50.4692281908092
            ],
            [
              -104.64160344754,
              50.4692407637417
            ],
            [
              -104.641557242661,
              50.4692528236457
            ],
            [
              -104.641510714747,
              50.4692643673968
            ],
            [
              -104.641236972874,
              50.4693277019875
            ],
            [
              -104.641237391556,
              50.4694446445502
            ],
            [
              -104.640994470072,
              50.4694450037985
            ]
          ]
        ]
      },
      "properties": {
        "name": "Transcona",
        "source": "city_of_regina_gis",
        "objectid": 42,
        "shape__area": 1195944,
        "shape__length": 5794.863268264438
      }
    },
    {
      "type": "Feature",
      "geometry": {
        "type": "Polygon",
        "coordinates": [
          [
            [
              -104.686989750484,
              50.4333537476644
            ],
            [
              -104.687016596235,
              50.4422177883404
            ],
            [
              -104.680987794415,
              50.4422254202992
            ],
            [
              -104.675583751719,
              50.4383957169938
            ],
            [
              -104.67557986465,
              50.4333336617117
            ],
            [
              -104.686989750484,
              50.4333537476644
            ]
          ]
        ]
      },
      "properties": {
        "name": "UNDEVELOP",
        "source": "city_of_regina_gis",
        "objectid": 44,
        "shape__area": 1771736.6640625,
        "shape__length": 5275.212858278599
      }
    },
    {
      "type": "Feature",
      "geometry": {
        "type": "Polygon",
        "coordinates": [
          [
            [
              -104.688001119242,
              50.4781324057581
            ],
            [
              -104.688024494955,
              50.4842983930219
            ],
            [
              -104.681149376753,
              50.484275331013
            ],
            [
              -104.67595764731,
              50.4842609079704
            ],
            [
              -104.675867196213,
              50.47271310889
            ],
            [
              -104.675902315655,
              50.4723840873349
            ],
            [
              -104.675838962669,
              50.4721699294104
            ],
            [
              -104.674152912737,
              50.4693342406466
            ],
            [
              -104.687047721337,
              50.4693292203077
            ],
            [
              -104.687048941901,
              50.4696971416462
            ],
            [
              -104.687969140883,
              50.4696960286561
            ],
            [
              -104.687980285381,
              50.4726362456499
            ],
            [
              -104.688001119242,
              50.4781324057581
            ]
          ]
        ]
      },
      "properties": {
        "name": "Normanview W. Addn.",
        "source": "city_of_regina_gis",
        "objectid": 54,
        "shape__area": 3561494.53125,
        "shape__length": 8145.993110633769
      }
    },
    {
      "type": "Feature",
      "geometry": {
        "type": "Polygon",
        "coordinates": [
          [
            [
              -104.595187688718,
              50.4519261365894
            ],
            [
              -104.589396694697,
              50.4491575631067
            ],
            [
              -104.586604160732,
              50.4478303957951
            ],
            [
              -104.586077652569,
              50.447635687064
            ],
            [
              -104.585461469086,
              50.4475588537335
            ],
            [
              -104.584754349432,
              50.4474858368563
            ],
            [
              -104.584193109127,
              50.4473175001321
            ],
            [
              -104.583854927673,
              50.4471550351408
            ],
            [
              -104.595194287032,
              50.4471787009422
            ],
            [
              -104.595187688718,
              50.4519261365894
            ]
          ]
        ]
      },
      "properties": {
        "name": "Arcola Sub",
        "source": "city_of_regina_gis",
        "objectid": 68,
        "shape__area": 471656.90625,
        "shape__length": 3619.925311675194
      }
    },
    {
      "type": "Feature",
      "geometry": {
        "type": "Polygon",
        "coordinates": [
          [
            [
              -104.606213242791,
              50.4869876737501
            ],
            [
              -104.606161219125,
              50.4916511674937
            ],
            [
              -104.602647561175,
              50.4916392201615
            ],
            [
              -104.602700996701,
              50.486851338303
            ],
            [
              -104.606213242791,
              50.4869876737501
            ]
          ]
        ]
      },
      "properties": {
        "name": "Parkview",
        "source": "city_of_regina_gis",
        "objectid": 97,
        "shape__area": 323424.453125,
        "shape__length": 2436.595974144741
      }
    },
    {
      "type": "Feature",
      "geometry": {
        "type": "Polygon",
        "coordinates": [
          [
            [
              -104.652504865884,
              50.4629122712061
            ],
            [
              -104.6526266695,
              50.4629149368215
            ],
            [
              -104.664073315026,
              50.4629485735322
            ],
            [
              -104.664032371405,
              50.4687019411818
            ],
            [
              -104.653452808488,
              50.4687058021763
            ],
            [
              -104.652553731605,
              50.4691653270392
            ],
            [
              -104.652504865884,
              50.4629122712061
            ]
          ]
        ]
      },
      "properties": {
        "name": "Rosemont North",
        "source": "city_of_regina_gis",
        "objectid": 13,
        "shape__area": 1299222.921875,
        "shape__length": 4693.629633260878
      }
    },
    {
      "type": "Feature",
      "geometry": {
        "type": "Polygon",
        "coordinates": [
          [
            [
              -104.636987328806,
              50.4629485787616
            ],
            [
              -104.636962650029,
              50.4661587991673
            ],
            [
              -104.64097430823,
              50.466171361243
            ],
            [
              -104.640994470072,
              50.4694450037985
            ],
            [
              -104.63853053509,
              50.4694486197207
            ],
            [
              -104.629785017373,
              50.4694209745046
            ],
            [
              -104.629740559152,
              50.4629516945523
            ],
            [
              -104.636987328806,
              50.4629485787616
            ]
          ]
        ]
      },
      "properties": {
        "name": "Parkdale",
        "source": "city_of_regina_gis",
        "objectid": 84,
        "shape__area": 1166284.6015625,
        "shape__length": 4766.450336223872
      }
    },
    {
      "type": "Feature",
      "geometry": {
        "type": "Polygon",
        "coordinates": [
          [
            [
              -104.618064209661,
              50.4771477285128
            ],
            [
              -104.61804662514,
              50.4842865934741
            ],
            [
              -104.606469931066,
              50.4842757837899
            ],
            [
              -104.606499390191,
              50.4807335713308
            ],
            [
              -104.606530203867,
              50.4770271631143
            ],
            [
              -104.618064470519,
              50.4770506581729
            ],
            [
              -104.618064209661,
              50.4771477285128
            ]
          ]
        ]
      },
      "properties": {
        "name": "Cityview",
        "source": "city_of_regina_gis",
        "objectid": 28,
        "shape__area": 1629747.4765625,
        "shape__length": 5106.619660315279
      }
    },
    {
      "type": "Feature",
      "geometry": {
        "type": "Polygon",
        "coordinates": [
          [
            [
              -104.640954447469,
              50.4629467116165
            ],
            [
              -104.640954313887,
              50.458408689102
            ],
            [
              -104.643556165212,
              50.4584167158212
            ],
            [
              -104.643556618554,
              50.4584802046727
            ],
            [
              -104.643588466803,
              50.4629393412408
            ],
            [
              -104.640954447469,
              50.4629467116165
            ]
          ]
        ]
      },
      "properties": {
        "name": "Pasqua Place",
        "source": "city_of_regina_gis",
        "objectid": 48,
        "shape__area": 230865.2265625,
        "shape__length": 2167.2462049336345
      }
    },
    {
      "type": "Feature",
      "geometry": {
        "type": "Polygon",
        "coordinates": [
          [
            [
              -104.57231748022,
              50.4259784685251
            ],
            [
              -104.560719936591,
              50.4260127295009
            ],
            [
              -104.560755388705,
              50.4221841608975
            ],
            [
              -104.565325827503,
              50.422201361916
            ],
            [
              -104.564569047536,
              50.421853869191
            ],
            [
              -104.565255598626,
              50.4212436059938
            ],
            [
              -104.567358027013,
              50.4222089515464
            ],
            [
              -104.570970280762,
              50.4222223349996
            ],
            [
              -104.571014223649,
              50.4233155869216
            ],
            [
              -104.572312864566,
              50.4233203701657
            ],
            [
              -104.572314096811,
              50.4240290216576
            ],
            [
              -104.57231748022,
              50.4259784685251
            ]
          ]
        ]
      },
      "properties": {
        "name": "(Riverside Memorial Park)",
        "source": "city_of_regina_gis",
        "objectid": 51,
        "shape__area": 851032.6328125,
        "shape__length": 4194.537419602317
      }
    },
    {
      "type": "Feature",
      "geometry": {
        "type": "Polygon",
        "coordinates": [
          [
            [
              -104.626961466715,
              50.440708423822
            ],
            [
              -104.626709802335,
              50.439784968267
            ],
            [
              -104.625952398473,
              50.4389255626745
            ],
            [
              -104.62478046557,
              50.4382834183967
            ],
            [
              -104.623411483284,
              50.4379455444395
            ],
            [
              -104.621867983236,
              50.4379174993092
            ],
            [
              -104.620471135389,
              50.4382051188773
            ],
            [
              -104.619243936211,
              50.4388036698027
            ],
            [
              -104.618426935912,
              50.4396107547326
            ],
            [
              -104.618131908783,
              50.4405156253726
            ],
            [
              -104.618118077798,
              50.4357272383742
            ],
            [
              -104.619032496668,
              50.4356594950559
            ],
            [
              -104.620947479562,
              50.4357422367699
            ],
            [
              -104.62226491024,
              50.4356891819051
            ],
            [
              -104.622805043125,
              50.4355188835111
            ],
            [
              -104.623613792477,
              50.4354450418172
            ],
            [
              -104.624512180484,
              50.4353906007587
            ],
            [
              -104.62541147791,
              50.4352214526959
            ],
            [
              -104.626787229176,
              50.4353597164828
            ],
            [
              -104.627472920509,
              50.4357060358428
            ],
            [
              -104.627739286245,
              50.4360892377667
            ],
            [
              -104.628119662039,
              50.4371992586067
            ],
            [
              -104.62838453876,
              50.4377736249866
            ],
            [
              -104.628410561384,
              50.43827075606
            ],
            [
              -104.627983522283,
              50.4392825981004
            ],
            [
              -104.628130479431,
              50.43962717999
            ],
            [
              -104.628428764333,
              50.4397619564122
            ],
            [
              -104.629087458963,
              50.4397449488876
            ],
            [
              -104.630225991222,
              50.4396147676513
            ],
            [
              -104.630855644121,
              50.4394829540702
            ],
            [
              -104.631180793099,
              50.4393536514669
            ],
            [
              -104.631185321354,
              50.4407080771554
            ],
            [
              -104.626961466715,
              50.440708423822
            ]
          ]
        ]
      },
      "properties": {
        "name": "Riverside",
        "source": "city_of_regina_gis",
        "objectid": 52,
        "shape__area": 689060.96875,
        "shape__length": 5198.886028820745
      }
    },
    {
      "type": "Feature",
      "geometry": {
        "type": "Polygon",
        "coordinates": [
          [
            [
              -104.663940584815,
              50.5088974276671
            ],
            [
              -104.675877169165,
              50.5089197386186
            ],
            [
              -104.675899597067,
              50.506020261635
            ],
            [
              -104.687027547846,
              50.5060487876947
            ],
            [
              -104.686899126255,
              50.5133636724652
            ],
            [
              -104.663935351206,
              50.5133928843983
            ],
            [
              -104.663940584815,
              50.5088974276671
            ]
          ]
        ]
      },
      "properties": {
        "name": "UNDEVELOP",
        "source": "city_of_regina_gis",
        "objectid": 45,
        "shape__area": 2625691.78125,
        "shape__length": 7698.836682777946
      }
    },
    {
      "type": "Feature",
      "geometry": {
        "type": "Polygon",
        "coordinates": [
          [
            [
              -104.641154846181,
              50.4939043008739
            ],
            [
              -104.641140562211,
              50.4842015872974
            ],
            [
              -104.652624599438,
              50.4841953613899
            ],
            [
              -104.664003027037,
              50.4841877771355
            ],
            [
              -104.664003230612,
              50.4842057586279
            ],
            [
              -104.663909770387,
              50.4881464318597
            ],
            [
              -104.664124732924,
              50.4881492003335
            ],
            [
              -104.664072144269,
              50.4939357314762
            ],
            [
              -104.651181905241,
              50.4939378582469
            ],
            [
              -104.641154846181,
              50.4939043008739
            ]
          ]
        ]
      },
      "properties": {
        "name": "Walsh Acres",
        "source": "city_of_regina_gis",
        "objectid": 125,
        "shape__area": 4340778.7890625,
        "shape__length": 8522.998741514248
      }
    },
    {
      "type": "Feature",
      "geometry": {
        "type": "Polygon",
        "coordinates": [
          [
            [
              -104.655354774716,
              50.4583902267399
            ],
            [
              -104.655397861006,
              50.4557192103555
            ],
            [
              -104.659725104169,
              50.4557319576603
            ],
            [
              -104.659716998413,
              50.4568595945902
            ],
            [
              -104.661915135641,
              50.456894358556
            ],
            [
              -104.661914734155,
              50.4575695987816
            ],
            [
              -104.663901455917,
              50.4584028727253
            ],
            [
              -104.655354774716,
              50.4583902267399
            ]
          ]
        ]
      },
      "properties": {
        "name": "Rosemont",
        "source": "city_of_regina_gis",
        "objectid": 25,
        "shape__area": 306633.796875,
        "shape__length": 2725.023803199484
      }
    },
    {
      "type": "Feature",
      "geometry": {
        "type": "Polygon",
        "coordinates": [
          [
            [
              -104.618064209661,
              50.4771477285128
            ],
            [
              -104.61976774399,
              50.4771477935283
            ],
            [
              -104.620927745459,
              50.4772575192769
            ],
            [
              -104.622393051104,
              50.4772572466535
            ],
            [
              -104.622393612622,
              50.4776155187261
            ],
            [
              -104.626851323398,
              50.4776040471558
            ],
            [
              -104.626848449158,
              50.4779683240382
            ],
            [
              -104.627598935015,
              50.4779683230531
            ],
            [
              -104.627596593841,
              50.4777108356129
            ],
            [
              -104.627660901491,
              50.4776697623076
            ],
            [
              -104.630987951411,
              50.4776702194835
            ],
            [
              -104.631245493714,
              50.4776813801727
            ],
            [
              -104.631861520148,
              50.4776814459807
            ],
            [
              -104.631861391242,
              50.4776075199789
            ],
            [
              -104.631925901678,
              50.4776485546452
            ],
            [
              -104.632855225211,
              50.4776487985161
            ],
            [
              -104.632855268414,
              50.4776250559309
            ],
            [
              -104.635439887107,
              50.4776247506042
            ],
            [
              -104.636329004079,
              50.478065868408
            ],
            [
              -104.641194199309,
              50.4770931932069
            ],
            [
              -104.641140507518,
              50.4841642583159
            ],
            [
              -104.639904446743,
              50.484300369948
            ],
            [
              -104.632907305654,
              50.4848356119613
            ],
            [
              -104.629066588899,
              50.4854352714547
            ],
            [
              -104.625706790988,
              50.485845149572
            ],
            [
              -104.622527327944,
              50.4861790481407
            ],
            [
              -104.619286649596,
              50.4866656252464
            ],
            [
              -104.61808332513,
              50.4868172223519
            ],
            [
              -104.61804662514,
              50.4842865934741
            ],
            [
              -104.618064209661,
              50.4771477285128
            ]
          ]
        ]
      },
      "properties": {
        "name": "Coronation Park N.",
        "source": "city_of_regina_gis",
        "objectid": 26,
        "shape__area": 3515524.90625,
        "shape__length": 8363.729638339059
      }
    },
    {
      "type": "Feature",
      "geometry": {
        "type": "Polygon",
        "coordinates": [
          [
            [
              -104.652571056458,
              50.4709327440852
            ],
            [
              -104.664016244238,
              50.4709664144562
            ],
            [
              -104.664027840819,
              50.4693381726282
            ],
            [
              -104.669146151991,
              50.4693362856428
            ],
            [
              -104.663898382882,
              50.474933515556
            ],
            [
              -104.664003027037,
              50.4841877771355
            ],
            [
              -104.652624599438,
              50.4841953613899
            ],
            [
              -104.652571056458,
              50.4709327440852
            ]
          ]
        ]
      },
      "properties": {
        "name": "Normanview",
        "source": "city_of_regina_gis",
        "objectid": 22,
        "shape__area": 3205329.7578125,
        "shape__length": 8474.2189970215
      }
    },
    {
      "type": "Feature",
      "geometry": {
        "type": "Polygon",
        "coordinates": [
          [
            [
              -104.572308631285,
              50.4471464044795
            ],
            [
              -104.572311884844,
              50.4414154172317
            ],
            [
              -104.577974524,
              50.444194189229
            ],
            [
              -104.578003971601,
              50.4408898866793
            ],
            [
              -104.595185905623,
              50.4408696377619
            ],
            [
              -104.595194287032,
              50.4471787009422
            ],
            [
              -104.583854927673,
              50.4471550351408
            ],
            [
              -104.583150080307,
              50.4471546686479
            ],
            [
              -104.572607131065,
              50.4471486793312
            ],
            [
              -104.572308631285,
              50.4471464044795
            ]
          ]
        ]
      },
      "properties": {
        "name": "Broders Annex",
        "source": "city_of_regina_gis",
        "objectid": 117,
        "shape__area": 2582646,
        "shape__length": 7938.328544142794
      }
    },
    {
      "type": "Feature",
      "geometry": {
        "type": "Polygon",
        "coordinates": [
          [
            [
              -104.595188147449,
              50.4547943211369
            ],
            [
              -104.595188252613,
              50.4554525129225
            ],
            [
              -104.583627483613,
              50.4575178757864
            ],
            [
              -104.57230161753,
              50.4595400209969
            ],
            [
              -104.572304112705,
              50.4551094137393
            ],
            [
              -104.583792750564,
              50.4551333424723
            ],
            [
              -104.593903112136,
              50.4551535311421
            ],
            [
              -104.595188147449,
              50.4547943211369
            ]
          ]
        ]
      },
      "properties": {
        "name": "Innismore",
        "source": "city_of_regina_gis",
        "objectid": 72,
        "shape__area": 1057317.8046875,
        "shape__length": 6096.486676283528
      }
    },
    {
      "type": "Feature",
      "geometry": {
        "type": "Polygon",
        "coordinates": [
          [
            [
              -104.687045207653,
              50.4988150040067
            ],
            [
              -104.687027547846,
              50.5060487876947
            ],
            [
              -104.675899597067,
              50.506020261635
            ],
            [
              -104.675895874637,
              50.4988299653995
            ],
            [
              -104.67859188874,
              50.4988264533834
            ],
            [
              -104.680099044372,
              50.4985544298914
            ],
            [
              -104.680078326745,
              50.4988244423428
            ],
            [
              -104.687045207653,
              50.4988150040067
            ]
          ]
        ]
      },
      "properties": {
        "name": "Maple Ridge",
        "source": "city_of_regina_gis",
        "objectid": 88,
        "shape__area": 1569007.359375,
        "shape__length": 5060.624274363661
      }
    },
    {
      "type": "Feature",
      "geometry": {
        "type": "Polygon",
        "coordinates": [
          [
            [
              -104.663963118361,
              50.5060508032693
            ],
            [
              -104.675899597067,
              50.506020261635
            ],
            [
              -104.675877169165,
              50.5089197386186
            ],
            [
              -104.663940584815,
              50.5088974276671
            ],
            [
              -104.663949848672,
              50.5060508053293
            ],
            [
              -104.663963118361,
              50.5060508032693
            ]
          ]
        ]
      },
      "properties": {
        "name": "Skyview",
        "source": "city_of_regina_gis",
        "objectid": 19,
        "shape__area": 668590.1796875,
        "shape__length": 3664.8170203944915
      }
    },
    {
      "type": "Feature",
      "geometry": {
        "type": "Polygon",
        "coordinates": [
          [
            [
              -104.640954447469,
              50.4629467116165
            ],
            [
              -104.636987328806,
              50.4629485787616
            ],
            [
              -104.629740559152,
              50.4629516945523
            ],
            [
              -104.618070179171,
              50.462800042594
            ],
            [
              -104.595189440383,
              50.4627244097742
            ],
            [
              -104.595189357336,
              50.4622228808635
            ],
            [
              -104.595188252613,
              50.4554525129225
            ],
            [
              -104.595188147449,
              50.4547943211369
            ],
            [
              -104.595187688718,
              50.4519261365894
            ],
            [
              -104.595194287032,
              50.4471787009422
            ],
            [
              -104.595185905623,
              50.4408696377619
            ],
            [
              -104.595185881026,
              50.4407218970931
            ],
            [
              -104.606484710128,
              50.4407080289155
            ],
            [
              -104.618132466253,
              50.4407086783647
            ],
            [
              -104.626961466715,
              50.440708423822
            ],
            [
              -104.631185321354,
              50.4407080771554
            ],
            [
              -104.640948381026,
              50.4407066729044
            ],
            [
              -104.640997038494,
              50.4475375559714
            ],
            [
              -104.641158740332,
              50.4475169033838
            ],
            [
              -104.641180188376,
              50.4534886325553
            ],
            [
              -104.640989368052,
              50.4534890775143
            ],
            [
              -104.640961560165,
              50.4551493554201
            ],
            [
              -104.640954313887,
              50.458408689102
            ],
            [
              -104.640954447469,
              50.4629467116165
            ]
          ]
        ]
      },
      "properties": {
        "name": "Old 33",
        "source": "city_of_regina_gis",
        "objectid": 39,
        "shape__area": 19736546.03125,
        "shape__length": 17967.225073216432
      }
    },
    {
      "type": "Feature",
      "geometry": {
        "type": "Polygon",
        "coordinates": [
          [
            [
              -104.664055406713,
              50.4957716507669
            ],
            [
              -104.659252540627,
              50.4958031049128
            ],
            [
              -104.652130583357,
              50.4965742595038
            ],
            [
              -104.641146490827,
              50.4966174763384
            ],
            [
              -104.641154846181,
              50.4939043008739
            ],
            [
              -104.651181905241,
              50.4939378582469
            ],
            [
              -104.664072144269,
              50.4939357314762
            ],
            [
              -104.664055406713,
              50.4957716507669
            ]
          ]
        ]
      },
      "properties": {
        "name": "Garden Ridge",
        "source": "city_of_regina_gis",
        "objectid": 58,
        "shape__area": 1057668.6015625,
        "shape__length": 5908.877833774466
      }
    },
    {
      "type": "Feature",
      "geometry": {
        "type": "Polygon",
        "coordinates": [
          [
            [
              -104.675895874637,
              50.4988299653995
            ],
            [
              -104.675893952127,
              50.4948400575111
            ],
            [
              -104.675893356337,
              50.493604633695
            ],
            [
              -104.687038971356,
              50.4933306613999
            ],
            [
              -104.687045207653,
              50.4988150040067
            ],
            [
              -104.680078326745,
              50.4988244423428
            ],
            [
              -104.680099044372,
              50.4985544298914
            ],
            [
              -104.67859188874,
              50.4988264533834
            ],
            [
              -104.675895874637,
              50.4988299653995
            ]
          ]
        ]
      },
      "properties": {
        "name": "Rochdale Park",
        "source": "city_of_regina_gis",
        "objectid": 8,
        "shape__area": 1158952.7734375,
        "shape__length": 4413.167446477243
      }
    },
    {
      "type": "Feature",
      "geometry": {
        "type": "Polygon",
        "coordinates": [
          [
            [
              -104.595185881026,
              50.4407218970931
            ],
            [
              -104.595246896409,
              50.4343941614068
            ],
            [
              -104.59544945933,
              50.4343941480626
            ],
            [
              -104.595449734269,
              50.4346583368527
            ],
            [
              -104.596033141989,
              50.4346603676784
            ],
            [
              -104.596051717496,
              50.4346254122175
            ],
            [
              -104.596090360997,
              50.4343804038565
            ],
            [
              -104.596294187084,
              50.4340542563126
            ],
            [
              -104.598627535039,
              50.432614826393
            ],
            [
              -104.6007463445,
              50.432762207147
            ],
            [
              -104.604417278471,
              50.4330782674922
            ],
            [
              -104.604413670784,
              50.4335101776906
            ],
            [
              -104.604930648275,
              50.4335047582982
            ],
            [
              -104.605126644663,
              50.4342813530382
            ],
            [
              -104.605613350321,
              50.4349511541369
            ],
            [
              -104.605949337391,
              50.4352470655196
            ],
            [
              -104.606407256062,
              50.4356809479503
            ],
            [
              -104.606484710128,
              50.4407080289155
            ],
            [
              -104.595185881026,
              50.4407218970931
            ]
          ]
        ]
      },
      "properties": {
        "name": "Wascana Addition",
        "source": "city_of_regina_gis",
        "objectid": 43,
        "shape__area": 1595733.7890625,
        "shape__length": 5052.843203091648
      }
    },
    {
      "type": "Feature",
      "geometry": {
        "type": "Polygon",
        "coordinates": [
          [
            [
              -104.529161749266,
              50.4551083217668
            ],
            [
              -104.526184279407,
              50.4550992299048
            ],
            [
              -104.526214114833,
              50.447705513407
            ],
            [
              -104.526215941538,
              50.4472526943703
            ],
            [
              -104.537751356462,
              50.4469336750875
            ],
            [
              -104.537734688011,
              50.4486413669863
            ],
            [
              -104.537790290286,
              50.4551342271031
            ],
            [
              -104.53752980302,
              50.4551334728694
            ],
            [
              -104.537539432941,
              50.4533674998239
            ],
            [
              -104.53726305243,
              50.4533670188246
            ],
            [
              -104.532942569124,
              50.4513758765996
            ],
            [
              -104.532924389351,
              50.4513716931461
            ],
            [
              -104.529161749266,
              50.4551083217668
            ]
          ]
        ]
      },
      "properties": {
        "name": "Eastgate",
        "source": "city_of_regina_gis",
        "objectid": 59,
        "shape__area": 1425310.7109375,
        "shape__length": 6162.730626644087
      }
    },
    {
      "type": "Feature",
      "geometry": {
        "type": "Polygon",
        "coordinates": [
          [
            [
              -104.523448479892,
              50.4405842705767
            ],
            [
              -104.52618057392,
              50.440560671449
            ],
            [
              -104.526215941538,
              50.4472526943703
            ],
            [
              -104.526214114833,
              50.447705513407
            ],
            [
              -104.50327522983,
              50.4476550300899
            ],
            [
              -104.503271448029,
              50.4452661880876
            ],
            [
              -104.503547181801,
              50.4405162320178
            ],
            [
              -104.523448479892,
              50.4405842705767
            ]
          ]
        ]
      },
      "properties": {
        "name": "East Victoria Lands",
        "source": "city_of_regina_gis",
        "objectid": 60,
        "shape__area": 3167226.8671875,
        "shape__length": 7570.545997854186
      }
    },
    {
      "type": "Feature",
      "geometry": {
        "type": "Polygon",
        "coordinates": [
          [
            [
              -104.523448479892,
              50.4405842705767
            ],
            [
              -104.503547181801,
              50.4405162320178
            ],
            [
              -104.50355263475,
              50.42588426039
            ],
            [
              -104.504975826511,
              50.4258939596721
            ],
            [
              -104.516559768538,
              50.4259164748077
            ],
            [
              -104.516558948283,
              50.4260976404481
            ],
            [
              -104.526177000526,
              50.4261150936877
            ],
            [
              -104.526113582341,
              50.4263558253117
            ],
            [
              -104.525982529485,
              50.4266112174844
            ],
            [
              -104.525768424898,
              50.4268566134455
            ],
            [
              -104.525570352562,
              50.4270103273244
            ],
            [
              -104.524170288596,
              50.4279269094714
            ],
            [
              -104.523949093864,
              50.4281239851556
            ],
            [
              -104.523773203051,
              50.428326074602
            ],
            [
              -104.523627207754,
              50.428562087787
            ],
            [
              -104.523540908566,
              50.4288756057652
            ],
            [
              -104.523448479892,
              50.4405842705767
            ]
          ]
        ]
      },
      "properties": {
        "name": "The Towns",
        "source": "city_of_regina_gis",
        "objectid": 61,
        "shape__area": 5728870.453125,
        "shape__length": 9948.727544975616
      }
    },
    {
      "type": "Feature",
      "geometry": {
        "type": "Polygon",
        "coordinates": [
          [
            [
              -104.549291351002,
              50.4483316484883
            ],
            [
              -104.549287483148,
              50.4487374371184
            ],
            [
              -104.539390745759,
              50.4486809727356
            ],
            [
              -104.539362442825,
              50.4486626758896
            ],
            [
              -104.537734688011,
              50.4486413669863
            ],
            [
              -104.537751356462,
              50.4469336750875
            ],
            [
              -104.537769996012,
              50.4450237931838
            ],
            [
              -104.538883201361,
              50.4449942587065
            ],
            [
              -104.544014559565,
              50.4448579818323
            ],
            [
              -104.54401578626,
              50.4448673219482
            ],
            [
              -104.544140945672,
              50.446793657673
            ],
            [
              -104.545156768989,
              50.4467915013573
            ],
            [
              -104.546268602057,
              50.4467790813417
            ],
            [
              -104.546849502638,
              50.4465325619538
            ],
            [
              -104.547371438026,
              50.4462782711222
            ],
            [
              -104.547844701792,
              50.4461745682336
            ],
            [
              -104.549286797684,
              50.4461801701658
            ],
            [
              -104.549297292808,
              50.4477081833126
            ],
            [
              -104.549291351002,
              50.4483316484883
            ]
          ]
        ]
      },
      "properties": {
        "name": "Mayfair",
        "source": "city_of_regina_gis",
        "objectid": 63,
        "shape__area": 684796.734375,
        "shape__length": 4005.3348119431134
      }
    },
    {
      "type": "Feature",
      "geometry": {
        "type": "Polygon",
        "coordinates": [
          [
            [
              -104.705752477718,
              50.484346587055
            ],
            [
              -104.705681590281,
              50.4803497793145
            ],
            [
              -104.705292186967,
              50.4785073320101
            ],
            [
              -104.705927055736,
              50.4784845965298
            ],
            [
              -104.707415386473,
              50.4788458320549
            ],
            [
              -104.709654892392,
              50.4781120034603
            ],
            [
              -104.709889248611,
              50.4780311052549
            ],
            [
              -104.709984268599,
              50.48436559243
            ],
            [
              -104.705752477718,
              50.484346587055
            ]
          ]
        ]
      },
      "properties": {
        "name": "Edgewater",
        "source": "city_of_regina_gis",
        "objectid": 64,
        "shape__area": 488102.984375,
        "shape__length": 3161.9580792221063
      }
    },
    {
      "type": "Feature",
      "geometry": {
        "type": "Polygon",
        "coordinates": [
          [
            [
              -104.50327522983,
              50.4476550300899
            ],
            [
              -104.526214114833,
              50.447705513407
            ],
            [
              -104.526184279407,
              50.4550992299048
            ],
            [
              -104.526225800894,
              50.4606749490801
            ],
            [
              -104.526233307995,
              50.4676313311244
            ],
            [
              -104.526233307365,
              50.467631371628
            ],
            [
              -104.514980113604,
              50.4696302172066
            ],
            [
              -104.514904869576,
              50.4696299018315
            ],
            [
              -104.503584792554,
              50.4716544124099
            ],
            [
              -104.503301442378,
              50.4717048220089
            ],
            [
              -104.503292590937,
              50.4695776496939
            ],
            [
              -104.50328703872,
              50.4549461823734
            ],
            [
              -104.50327522983,
              50.4476550300899
            ]
          ]
        ]
      },
      "properties": {
        "name": "UNDEVELOP",
        "source": "city_of_regina_gis",
        "objectid": 65,
        "shape__area": 9810961.328125,
        "shape__length": 12893.64638991546
      }
    },
    {
      "type": "Feature",
      "geometry": {
        "type": "Polygon",
        "coordinates": [
          [
            [
              -104.583602360433,
              50.4621662528383
            ],
            [
              -104.583571648993,
              50.4692335176221
            ],
            [
              -104.583763248648,
              50.4767090156109
            ],
            [
              -104.585518024081,
              50.4774902920007
            ],
            [
              -104.582692261833,
              50.480196640355
            ],
            [
              -104.574500344534,
              50.4787737603429
            ],
            [
              -104.572407543845,
              50.4807536835842
            ],
            [
              -104.565666827952,
              50.4796689316681
            ],
            [
              -104.56562485876,
              50.4842410556229
            ],
            [
              -104.558773264404,
              50.4842151569222
            ],
            [
              -104.55882399658,
              50.4787717045107
            ],
            [
              -104.548979682254,
              50.4772221333836
            ],
            [
              -104.548926023372,
              50.4634613854985
            ],
            [
              -104.560511621689,
              50.4616438009234
            ],
            [
              -104.57230161753,
              50.4595400209969
            ],
            [
              -104.583627483613,
              50.4575178757864
            ],
            [
              -104.583602360433,
              50.4621662528383
            ]
          ]
        ]
      },
      "properties": {
        "name": "Industrial Ross",
        "source": "city_of_regina_gis",
        "objectid": 66,
        "shape__area": 13274698.4765625,
        "shape__length": 16351.269127123604
      }
    },
    {
      "type": "Feature",
      "geometry": {
        "type": "Polygon",
        "coordinates": [
          [
            [
              -104.537793241628,
              50.4418057937312
            ],
            [
              -104.537790048805,
              50.4440764857915
            ],
            [
              -104.538883201361,
              50.4449942587065
            ],
            [
              -104.537769996012,
              50.4450237931838
            ],
            [
              -104.537751356462,
              50.4469336750875
            ],
            [
              -104.526215941538,
              50.4472526943703
            ],
            [
              -104.52618057392,
              50.440560671449
            ],
            [
              -104.533066267279,
              50.440594972622
            ],
            [
              -104.533049956861,
              50.4411943144468
            ],
            [
              -104.533619143951,
              50.4412783945707
            ],
            [
              -104.537110671983,
              50.4412836202807
            ],
            [
              -104.537109096568,
              50.441804782409
            ],
            [
              -104.537793241628,
              50.4418057937312
            ]
          ]
        ]
      },
      "properties": {
        "name": "Spruce Meadows",
        "source": "city_of_regina_gis",
        "objectid": 69,
        "shape__area": 1407398.890625,
        "shape__length": 5003.568449754611
      }
    },
    {
      "type": "Feature",
      "geometry": {
        "type": "Polygon",
        "coordinates": [
          [
            [
              -104.563282304413,
              50.4456402080216
            ],
            [
              -104.552307677877,
              50.4441507533679
            ],
            [
              -104.552507079867,
              50.4429166552692
            ],
            [
              -104.551456695864,
              50.4429161572292
            ],
            [
              -104.551458177151,
              50.4422823972475
            ],
            [
              -104.549261385513,
              50.4422199926413
            ],
            [
              -104.549249260178,
              50.4407005291534
            ],
            [
              -104.549298572795,
              50.4354490846703
            ],
            [
              -104.549610425017,
              50.4354546242092
            ],
            [
              -104.549737364157,
              50.4351798350845
            ],
            [
              -104.549702306778,
              50.4345073782463
            ],
            [
              -104.549785188527,
              50.4345076992346
            ],
            [
              -104.549771125199,
              50.4342429516157
            ],
            [
              -104.549688294127,
              50.4342373372077
            ],
            [
              -104.549697839051,
              50.4341050273926
            ],
            [
              -104.549772984679,
              50.4340470859159
            ],
            [
              -104.549889018185,
              50.4340475350951
            ],
            [
              -104.549931714526,
              50.4339153534869
            ],
            [
              -104.550056738286,
              50.4338417230523
            ],
            [
              -104.550059400256,
              50.4335611584295
            ],
            [
              -104.550235255443,
              50.4333712592521
            ],
            [
              -104.550240075696,
              50.4333647436153
            ],
            [
              -104.549711447185,
              50.4333643741289
            ],
            [
              -104.555867260328,
              50.4333600652068
            ],
            [
              -104.563356748104,
              50.4370197138854
            ],
            [
              -104.561828371355,
              50.4383299466384
            ],
            [
              -104.561919749378,
              50.4397294104902
            ],
            [
              -104.563047617107,
              50.441865662208
            ],
            [
              -104.563389405237,
              50.4443987343848
            ],
            [
              -104.563282304413,
              50.4456402080216
            ]
          ]
        ]
      },
      "properties": {
        "name": "Gardiner Park",
        "source": "city_of_regina_gis",
        "objectid": 70,
        "shape__area": 2622066.578125,
        "shape__length": 6950.377870690744
      }
    },
    {
      "type": "Feature",
      "geometry": {
        "type": "Polygon",
        "coordinates": [
          [
            [
              -104.50355263475,
              50.42588426039
            ],
            [
              -104.503561109981,
              50.418167714831
            ],
            [
              -104.503696684713,
              50.4182150470825
            ],
            [
              -104.503893362841,
              50.4182618961496
            ],
            [
              -104.504120477783,
              50.4182991867012
            ],
            [
              -104.504290716745,
              50.4183362356553
            ],
            [
              -104.504369984258,
              50.4183704762667
            ],
            [
              -104.504473714376,
              50.4183979158267
            ],
            [
              -104.504517475546,
              50.418407427122
            ],
            [
              -104.504619897392,
              50.4184030200092
            ],
            [
              -104.504744237749,
              50.4183627595818
            ],
            [
              -104.504856902375,
              50.4182822153011
            ],
            [
              -104.505005529358,
              50.4182102015058
            ],
            [
              -104.505165629676,
              50.4181285501373
            ],
            [
              -104.505367362686,
              50.4180543391008
            ],
            [
              -104.505633625172,
              50.4179731380711
            ],
            [
              -104.50581657544,
              50.4178818961371
            ],
            [
              -104.506063652364,
              50.4178224053139
            ],
            [
              -104.506273544631,
              50.4176925337542
            ],
            [
              -104.506437960957,
              50.4175600454251
            ],
            [
              -104.506587916468,
              50.4173596914151
            ],
            [
              -104.506729809952,
              50.4172053133191
            ],
            [
              -104.507030867223,
              50.4170588745212
            ],
            [
              -104.507339927384,
              50.4169672930088
            ],
            [
              -104.507568040319,
              50.4169077209919
            ],
            [
              -104.50774694174,
              50.4168406730363
            ],
            [
              -104.507930181451,
              50.4167203713181
            ],
            [
              -104.5081705972,
              50.4165712513234
            ],
            [
              -104.508428271409,
              50.416452676208
            ],
            [
              -104.508591852556,
              50.4164000922144
            ],
            [
              -104.508774190086,
              50.4163669612705
            ],
            [
              -104.509275128421,
              50.4163230651426
            ],
            [
              -104.50956751353,
              50.4162807094304
            ],
            [
              -104.509863965268,
              50.4162117341965
            ],
            [
              -104.510069348011,
              50.416149637745
            ],
            [
              -104.510329283692,
              50.4160571662682
            ],
            [
              -104.510652772055,
              50.4159398701764
            ],
            [
              -104.51099117505,
              50.4158468520443
            ],
            [
              -104.511291686109,
              50.4157512520129
            ],
            [
              -104.511520363728,
              50.4156359778539
            ],
            [
              -104.511676976907,
              50.4155228222813
            ],
            [
              -104.511925476882,
              50.4153228752038
            ],
            [
              -104.51209722986,
              50.4152122043329
            ],
            [
              -104.512201858573,
              50.4149922808856
            ],
            [
              -104.512289437373,
              50.4148997942736
            ],
            [
              -104.5125359474,
              50.4145795941251
            ],
            [
              -104.512706107438,
              50.4143310833309
            ],
            [
              -104.512786915996,
              50.4142151869725
            ],
            [
              -104.512884079613,
              50.4139831248258
            ],
            [
              -104.512897960172,
              50.4137386051354
            ],
            [
              -104.512836067723,
              50.4134889252358
            ],
            [
              -104.512851550388,
              50.4134449447158
            ],
            [
              -104.512924282779,
              50.413198619449
            ],
            [
              -104.513154481658,
              50.4129449141297
            ],
            [
              -104.526426236912,
              50.4192768452727
            ],
            [
              -104.526432419166,
              50.4199800544436
            ],
            [
              -104.526156219679,
              50.4198334995418
            ],
            [
              -104.526176808251,
              50.4253359338303
            ],
            [
              -104.526177000526,
              50.4261150936877
            ],
            [
              -104.516558948283,
              50.4260976404481
            ],
            [
              -104.516559768538,
              50.4259164748077
            ],
            [
              -104.504975826511,
              50.4258939596721
            ],
            [
              -104.50355263475,
              50.42588426039
            ]
          ]
        ]
      },
      "properties": {
        "name": "The Greens on Gardiner",
        "source": "city_of_regina_gis",
        "objectid": 56,
        "shape__area": 4265465.65625,
        "shape__length": 8585.598799364614
      }
    },
    {
      "type": "Feature",
      "geometry": {
        "type": "Polygon",
        "coordinates": [
          [
            [
              -104.526465547074,
              50.4114627452573
            ],
            [
              -104.526426236912,
              50.4192768452727
            ],
            [
              -104.513154481658,
              50.4129449141297
            ],
            [
              -104.513391638797,
              50.4126837114239
            ],
            [
              -104.513406238583,
              50.412666720861
            ],
            [
              -104.513458642919,
              50.4125714110633
            ],
            [
              -104.513469118693,
              50.4124871320687
            ],
            [
              -104.51343337806,
              50.4123612628446
            ],
            [
              -104.513269652336,
              50.4123063205384
            ],
            [
              -104.513185738014,
              50.4122297589057
            ],
            [
              -104.513150830943,
              50.412143509327
            ],
            [
              -104.513178288845,
              50.4120762810187
            ],
            [
              -104.51332064948,
              50.4119979406708
            ],
            [
              -104.513438294639,
              50.4119691318441
            ],
            [
              -104.513607345123,
              50.4119094206821
            ],
            [
              -104.513827691749,
              50.411833572709
            ],
            [
              -104.514152531896,
              50.4118174548368
            ],
            [
              -104.514245433149,
              50.4117474326225
            ],
            [
              -104.514366293813,
              50.4116682727565
            ],
            [
              -104.514452371258,
              50.4116241503664
            ],
            [
              -104.514539079603,
              50.4115664769478
            ],
            [
              -104.51461063458,
              50.411489062956
            ],
            [
              -104.514618418997,
              50.4114462235402
            ],
            [
              -104.51462478035,
              50.4114462320201
            ],
            [
              -104.514627514991,
              50.4114375468109
            ],
            [
              -104.514678209333,
              50.4113659182705
            ],
            [
              -104.514705734155,
              50.411320804829
            ],
            [
              -104.514760226984,
              50.411285112177
            ],
            [
              -104.514831314422,
              50.4112548037008
            ],
            [
              -104.514965205151,
              50.4111908424838
            ],
            [
              -104.515046774769,
              50.4111552625033
            ],
            [
              -104.515130154927,
              50.4111449705963
            ],
            [
              -104.515197049064,
              50.4111173065613
            ],
            [
              -104.51527023208,
              50.4110856845081
            ],
            [
              -104.515372520723,
              50.4110595079309
            ],
            [
              -104.515485365382,
              50.4110180680425
            ],
            [
              -104.515550366006,
              50.410971779282
            ],
            [
              -104.515651059603,
              50.4108976965711
            ],
            [
              -104.515716195573,
              50.410838097938
            ],
            [
              -104.515754214545,
              50.4107850418654
            ],
            [
              -104.515788271405,
              50.4107120216905
            ],
            [
              -104.51583475697,
              50.4106443590897
            ],
            [
              -104.515885272329,
              50.4105900328627
            ],
            [
              -104.515931724244,
              50.4105270287743
            ],
            [
              -104.516019729042,
              50.4104701874718
            ],
            [
              -104.516094912849,
              50.4104478903181
            ],
            [
              -104.516161872899,
              50.4104135798948
            ],
            [
              -104.516364646828,
              50.4103319346128
            ],
            [
              -104.516462929452,
              50.4102884456822
            ],
            [
              -104.516538247977,
              50.4102528386018
            ],
            [
              -104.516651509078,
              50.4101701645124
            ],
            [
              -104.516729071914,
              50.410117272178
            ],
            [
              -104.516802414924,
              50.4100696772665
            ],
            [
              -104.516898763122,
              50.4100128788699
            ],
            [
              -104.517011813712,
              50.4099508162411
            ],
            [
              -104.517145860064,
              50.4098708898787
            ],
            [
              -104.517221149819,
              50.4098366131982
            ],
            [
              -104.517319349708,
              50.4098011004848
            ],
            [
              -104.517392502892,
              50.4097734612241
            ],
            [
              -104.517453064872,
              50.4097550866486
            ],
            [
              -104.517544894312,
              50.4097315266329
            ],
            [
              -104.517599261651,
              50.409707802515
            ],
            [
              -104.517620561747,
              50.409660000569
            ],
            [
              -104.517629378737,
              50.4096121468636
            ],
            [
              -104.517652923576,
              50.4095483815158
            ],
            [
              -104.517705525311,
              50.4094933886315
            ],
            [
              -104.517766262228,
              50.4094577201625
            ],
            [
              -104.517826742501,
              50.4094473316204
            ],
            [
              -104.517857969921,
              50.4094474610345
            ],
            [
              -104.517905832181,
              50.4094489902617
            ],
            [
              -104.517974373511,
              50.409465237677
            ],
            [
              -104.518014039514,
              50.4094534314057
            ],
            [
              -104.518047795297,
              50.4094096650186
            ],
            [
              -104.51807938702,
              50.4093738759368
            ],
            [
              -104.518111059825,
              50.4093301100402
            ],
            [
              -104.51817001023,
              50.4092651692589
            ],
            [
              -104.518256035906,
              50.4091990005327
            ],
            [
              -104.518423414524,
              50.4091152174598
            ],
            [
              -104.518589121993,
              50.4089935108753
            ],
            [
              -104.518704425092,
              50.4089128394916
            ],
            [
              -104.518786243449,
              50.40885064607
            ],
            [
              -104.518826178821,
              50.4088135601149
            ],
            [
              -104.518837023602,
              50.408771038766
            ],
            [
              -104.518827101593,
              50.4087224419463
            ],
            [
              -104.518798348008,
              50.4086837410052
            ],
            [
              -104.518792557924,
              50.4086384798648
            ],
            [
              -104.518805471612,
              50.4085972981814
            ],
            [
              -104.51882874476,
              50.408560143452
            ],
            [
              -104.518860281641,
              50.4085296779945
            ],
            [
              -104.518912577695,
              50.4085046133723
            ],
            [
              -104.518975166187,
              50.4084915709535
            ],
            [
              -104.519029046743,
              50.4085157342779
            ],
            [
              -104.519078533201,
              50.4085625068594
            ],
            [
              -104.519138365844,
              50.4086159685058
            ],
            [
              -104.519198480881,
              50.4086401574466
            ],
            [
              -104.519277206353,
              50.4086790647799
            ],
            [
              -104.519345786858,
              50.4086899961911
            ],
            [
              -104.519427052314,
              50.4086823456183
            ],
            [
              -104.519475061837,
              50.4086692424216
            ],
            [
              -104.519525114285,
              50.4086614628592
            ],
            [
              -104.519568783188,
              50.4086656363708
            ],
            [
              -104.519660206813,
              50.4086833081031
            ],
            [
              -104.519697761981,
              50.4086741548997
            ],
            [
              -104.519718898738,
              50.4086436372817
            ],
            [
              -104.519725751511,
              50.4085824736626
            ],
            [
              -104.519736662698,
              50.4085332975458
            ],
            [
              -104.519755971325,
              50.4084761697391
            ],
            [
              -104.519802086557,
              50.4084457642026
            ],
            [
              -104.51989205149,
              50.4084002325657
            ],
            [
              -104.519952745028,
              50.4083685559494
            ],
            [
              -104.520032437753,
              50.4083103461982
            ],
            [
              -104.520053882744,
              50.4082492430432
            ],
            [
              -104.520052485442,
              50.4081813903374
            ],
            [
              -104.52002167524,
              50.4081400192862
            ],
            [
              -104.519959746036,
              50.4080878803305
            ],
            [
              -104.519887457485,
              50.4080317056313
            ],
            [
              -104.519854470887,
              50.4079996429405
            ],
            [
              -104.519875801453,
              50.4079485128224
            ],
            [
              -104.519928190257,
              50.4079141405228
            ],
            [
              -104.519974372181,
              50.4078770796573
            ],
            [
              -104.520105861491,
              50.4078430330407
            ],
            [
              -104.520178928995,
              50.4078220465576
            ],
            [
              -104.520264626713,
              50.4077878110426
            ],
            [
              -104.520323317589,
              50.4077481397641
            ],
            [
              -104.520388430481,
              50.407691209608
            ],
            [
              -104.520407831228,
              50.4076247647501
            ],
            [
              -104.520389611297,
              50.4075741372973
            ],
            [
              -104.520338699497,
              50.4074608523964
            ],
            [
              -104.520302098677,
              50.4073755602964
            ],
            [
              -104.520319189301,
              50.4073317245969
            ],
            [
              -104.520357093143,
              50.4072893057379
            ],
            [
              -104.520453390632,
              50.4072351655965
            ],
            [
              -104.520531963279,
              50.4072109911978
            ],
            [
              -104.520614636377,
              50.407159804423
            ],
            [
              -104.520733396409,
              50.4070844193217
            ],
            [
              -104.520875884956,
              50.4070720142298
            ],
            [
              -104.520957100615,
              50.407085340647
            ],
            [
              -104.521048487534,
              50.4070987080172
            ],
            [
              -104.521169722742,
              50.4071771571319
            ],
            [
              -104.521260778499,
              50.407223002886
            ],
            [
              -104.521392838547,
              50.4072365382079
            ],
            [
              -104.521504759198,
              50.4072305016825
            ],
            [
              -104.52161700262,
              50.4071919891248
            ],
            [
              -104.521688705394,
              50.4071403168779
            ],
            [
              -104.521709565488,
              50.4070884365153
            ],
            [
              -104.521740332522,
              50.4070625790362
            ],
            [
              -104.521811642738,
              50.4070498811119
            ],
            [
              -104.521872587002,
              50.4070566266793
            ],
            [
              -104.521902634988,
              50.4071022211937
            ],
            [
              -104.521912149926,
              50.4071672192588
            ],
            [
              -104.521931637375,
              50.4072517445082
            ],
            [
              -104.521971525873,
              50.4073298594238
            ],
            [
              -104.522102857286,
              50.4074054009809
            ],
            [
              -104.522275733559,
              50.40741555319
            ],
            [
              -104.522377874983,
              50.4073705033282
            ],
            [
              -104.522592064668,
              50.4073064234863
            ],
            [
              -104.522755870586,
              50.4071966664175
            ],
            [
              -104.522890081888,
              50.4069958456953
            ],
            [
              -104.523145400859,
              50.4068864623916
            ],
            [
              -104.523355825253,
              50.4066236385927
            ],
            [
              -104.523402933693,
              50.4065562293954
            ],
            [
              -104.523445431325,
              50.4063745202078
            ],
            [
              -104.523477890595,
              50.4061797779743
            ],
            [
              -104.523478932848,
              50.4060758472531
            ],
            [
              -104.523592867997,
              50.4058684466836
            ],
            [
              -104.523742071033,
              50.4057179526948
            ],
            [
              -104.523859909581,
              50.4056032105451
            ],
            [
              -104.525519727824,
              50.404349795362
            ],
            [
              -104.525662853973,
              50.4042724288875
            ],
            [
              -104.525846200347,
              50.4042406972132
            ],
            [
              -104.52603926088,
              50.4042544750102
            ],
            [
              -104.5262319315,
              50.4043072267813
            ],
            [
              -104.526312628791,
              50.4043725144348
            ],
            [
              -104.52638276419,
              50.4044767336207
            ],
            [
              -104.526442996595,
              50.4045549284126
            ],
            [
              -104.526436393891,
              50.4052174792367
            ],
            [
              -104.526402977693,
              50.4055096565195
            ],
            [
              -104.526347539828,
              50.4059706362837
            ],
            [
              -104.526348754206,
              50.4063639665243
            ],
            [
              -104.526347574744,
              50.4064822907267
            ],
            [
              -104.526383191215,
              50.4066244283671
            ],
            [
              -104.526465724977,
              50.4066874012429
            ],
            [
              -104.526465547074,
              50.4114627452573
            ]
          ]
        ]
      },
      "properties": {
        "name": "The Creeks",
        "source": "city_of_regina_gis",
        "objectid": 41,
        "shape__area": 2031540.859375,
        "shape__length": 7048.465667532741
      }
    },
    {
      "type": "Feature",
      "geometry": {
        "type": "Polygon",
        "coordinates": [
          [
            [
              -104.544477599915,
              50.4114571334526
            ],
            [
              -104.544458631554,
              50.4128616446068
            ],
            [
              -104.544268316286,
              50.4132297922239
            ],
            [
              -104.544153332613,
              50.4142997167633
            ],
            [
              -104.544020028924,
              50.4227284260191
            ],
            [
              -104.543485536716,
              50.4238636083647
            ],
            [
              -104.542230396819,
              50.4249766159057
            ],
            [
              -104.541795567584,
              50.4253621840689
            ],
            [
              -104.540956414679,
              50.4260748296399
            ],
            [
              -104.537956847287,
              50.4246748171735
            ],
            [
              -104.526426236912,
              50.4192768452727
            ],
            [
              -104.526465547074,
              50.4114627452573
            ],
            [
              -104.544477599915,
              50.4114571334526
            ]
          ]
        ]
      },
      "properties": {
        "name": "Wascana View",
        "source": "city_of_regina_gis",
        "objectid": 129,
        "shape__area": 3984495.0078125,
        "shape__length": 8035.16169174421
      }
    },
    {
      "type": "Feature",
      "geometry": {
        "type": "Polygon",
        "coordinates": [
          [
            [
              -104.618083269183,
              50.4233797507719
            ],
            [
              -104.618083213054,
              50.4233989409905
            ],
            [
              -104.618083034319,
              50.4234601510026
            ],
            [
              -104.618118077798,
              50.4357272383742
            ],
            [
              -104.618131908783,
              50.4405156253726
            ],
            [
              -104.618132466253,
              50.4407086783647
            ],
            [
              -104.606484710128,
              50.4407080289155
            ],
            [
              -104.606407256062,
              50.4356809479503
            ],
            [
              -104.605949337391,
              50.4352470655196
            ],
            [
              -104.605613350321,
              50.4349511541369
            ],
            [
              -104.605126644663,
              50.4342813530382
            ],
            [
              -104.604930648275,
              50.4335047582982
            ],
            [
              -104.604413670784,
              50.4335101776906
            ],
            [
              -104.604417278471,
              50.4330782674922
            ],
            [
              -104.6007463445,
              50.432762207147
            ],
            [
              -104.598627535039,
              50.432614826393
            ],
            [
              -104.596294187084,
              50.4340542563126
            ],
            [
              -104.596090360997,
              50.4343804038565
            ],
            [
              -104.596051717496,
              50.4346254122175
            ],
            [
              -104.596033141989,
              50.4346603676784
            ],
            [
              -104.595449734269,
              50.4346583368527
            ],
            [
              -104.59544945933,
              50.4343941480626
            ],
            [
              -104.595246896409,
              50.4343941614068
            ],
            [
              -104.595018724527,
              50.4343941759284
            ],
            [
              -104.595017743754,
              50.4334660321628
            ],
            [
              -104.595057027339,
              50.433466117361
            ],
            [
              -104.595041399192,
              50.4314843159226
            ],
            [
              -104.59472734415,
              50.4315334556373
            ],
            [
              -104.59462913646,
              50.4315331132649
            ],
            [
              -104.593764476668,
              50.4315802799992
            ],
            [
              -104.592879958537,
              50.4316524632083
            ],
            [
              -104.591142406524,
              50.4327002173585
            ],
            [
              -104.58852922903,
              50.4327787593468
            ],
            [
              -104.587214291362,
              50.4326486057687
            ],
            [
              -104.586331377347,
              50.4325325322355
            ],
            [
              -104.585724226731,
              50.4323296182611
            ],
            [
              -104.585023457286,
              50.4319951357767
            ],
            [
              -104.584550289894,
              50.4313790872566
            ],
            [
              -104.584555677003,
              50.4307647589586
            ],
            [
              -104.584750852605,
              50.4303365240516
            ],
            [
              -104.585525711866,
              50.429971251361
            ],
            [
              -104.585723051269,
              50.4292939620283
            ],
            [
              -104.585635378952,
              50.4283748927366
            ],
            [
              -104.585830001578,
              50.4280075349726
            ],
            [
              -104.587180633046,
              50.4274589003299
            ],
            [
              -104.587854268429,
              50.4270323674576
            ],
            [
              -104.587773624086,
              50.4259312011088
            ],
            [
              -104.583928045468,
              50.4259431286624
            ],
            [
              -104.574127255813,
              50.4259730126394
            ],
            [
              -104.575109897,
              50.4248411129973
            ],
            [
              -104.573390559121,
              50.4248522700678
            ],
            [
              -104.573390217508,
              50.4240291082708
            ],
            [
              -104.572314096811,
              50.4240290216576
            ],
            [
              -104.572312864566,
              50.4233203701657
            ],
            [
              -104.571014223649,
              50.4233155869216
            ],
            [
              -104.570970280762,
              50.4222223349996
            ],
            [
              -104.567358027013,
              50.4222089515464
            ],
            [
              -104.565255598626,
              50.4212436059938
            ],
            [
              -104.564569047536,
              50.421853869191
            ],
            [
              -104.565325827503,
              50.422201361916
            ],
            [
              -104.560755388705,
              50.4221841608975
            ],
            [
              -104.560719936591,
              50.4260127295009
            ],
            [
              -104.558801222069,
              50.4260182821585
            ],
            [
              -104.558826905804,
              50.4259046748149
            ],
            [
              -104.558733570329,
              50.4254364290932
            ],
            [
              -104.558593254955,
              50.4250373434827
            ],
            [
              -104.557784960408,
              50.4241911869253
            ],
            [
              -104.557476914989,
              50.4237608103196
            ],
            [
              -104.557485634259,
              50.4228257855646
            ],
            [
              -104.557412363252,
              50.4222789551066
            ],
            [
              -104.557315698715,
              50.4221091948551
            ],
            [
              -104.557199679182,
              50.4219079873977
            ],
            [
              -104.556975188012,
              50.4217502816476
            ],
            [
              -104.55667246601,
              50.4215546404771
            ],
            [
              -104.556487216515,
              50.4214033568248
            ],
            [
              -104.5563056039,
              50.4208631078167
            ],
            [
              -104.555631323047,
              50.4194300811656
            ],
            [
              -104.55509835357,
              50.4189377619813
            ],
            [
              -104.554459632253,
              50.4185490411662
            ],
            [
              -104.554322033511,
              50.4184791091812
            ],
            [
              -104.54939512716,
              50.4184601049862
            ],
            [
              -104.54939613136,
              50.416029226079
            ],
            [
              -104.549561717991,
              50.4159675266104
            ],
            [
              -104.549762771976,
              50.4159019929358
            ],
            [
              -104.550019475017,
              50.4158910127726
            ],
            [
              -104.550165506495,
              50.4159562368289
            ],
            [
              -104.550232446955,
              50.415983386203
            ],
            [
              -104.550292192625,
              50.4160877988085
            ],
            [
              -104.550268166478,
              50.4163172270588
            ],
            [
              -104.550177120227,
              50.4165830267766
            ],
            [
              -104.550164106033,
              50.4167307391161
            ],
            [
              -104.55033565385,
              50.4169868863561
            ],
            [
              -104.550576746617,
              50.4169973719423
            ],
            [
              -104.550896253985,
              50.4169948010647
            ],
            [
              -104.551125626848,
              50.4169064495231
            ],
            [
              -104.55140402688,
              50.4168122277108
            ],
            [
              -104.55155379599,
              50.416692168982
            ],
            [
              -104.551884150035,
              50.4164642899342
            ],
            [
              -104.552163192879,
              50.4162108730632
            ],
            [
              -104.552214104289,
              50.4160964920696
            ],
            [
              -104.552395204061,
              50.4158426964916
            ],
            [
              -104.55258539353,
              50.4156269443805
            ],
            [
              -104.552964942557,
              50.4153739122968
            ],
            [
              -104.553561977921,
              50.4151982838499
            ],
            [
              -104.553870557707,
              50.4150909519702
            ],
            [
              -104.554090742995,
              50.4148819226596
            ],
            [
              -104.554162660843,
              50.4146343146266
            ],
            [
              -104.554157946732,
              50.4144284706513
            ],
            [
              -104.554159536042,
              50.4143332511053
            ],
            [
              -104.554267576898,
              50.4140750502605
            ],
            [
              -104.554507633311,
              50.4138534265573
            ],
            [
              -104.554767269749,
              50.4136506061298
            ],
            [
              -104.55512571891,
              50.4135374020123
            ],
            [
              -104.555801338136,
              50.4134066813011
            ],
            [
              -104.556198825348,
              50.4133443017166
            ],
            [
              -104.556785599691,
              50.4132512443152
            ],
            [
              -104.557083072939,
              50.4132270400324
            ],
            [
              -104.557489914868,
              50.4132665995114
            ],
            [
              -104.557703062187,
              50.4133229202233
            ],
            [
              -104.558076737381,
              50.4134534659671
            ],
            [
              -104.55826096789,
              50.4135879288519
            ],
            [
              -104.558408228088,
              50.4137344656856
            ],
            [
              -104.558485899488,
              50.4138812882433
            ],
            [
              -104.558623234635,
              50.4140790164693
            ],
            [
              -104.558719661491,
              50.4143338781455
            ],
            [
              -104.558836886852,
              50.4145695386322
            ],
            [
              -104.559033502972,
              50.4147674916847
            ],
            [
              -104.559250412422,
              50.4149082325115
            ],
            [
              -104.559428571789,
              50.4149661974745
            ],
            [
              -104.559596954748,
              50.4149668361104
            ],
            [
              -104.559805893781,
              50.4149483482775
            ],
            [
              -104.560114982429,
              50.414784262982
            ],
            [
              -104.56032547672,
              50.4145052253565
            ],
            [
              -104.56052344491,
              50.4142195039326
            ],
            [
              -104.560540914946,
              50.4141782590049
            ],
            [
              -104.560663495551,
              50.4140622658517
            ],
            [
              -104.560903899741,
              50.4138392094767
            ],
            [
              -104.561312419472,
              50.4136302223956
            ],
            [
              -104.561823084606,
              50.4134917943648
            ],
            [
              -104.562483600022,
              50.413319590444
            ],
            [
              -104.562783979279,
              50.4131803673842
            ],
            [
              -104.563033604621,
              50.4129692846308
            ],
            [
              -104.563338954464,
              50.4127972346838
            ],
            [
              -104.563896097287,
              50.4126843513081
            ],
            [
              -104.564330697311,
              50.4126859788619
            ],
            [
              -104.565171287535,
              50.4127503403754
            ],
            [
              -104.565806234167,
              50.412818407731
            ],
            [
              -104.566566781863,
              50.4129481576428
            ],
            [
              -104.567271273337,
              50.4130761942783
            ],
            [
              -104.567728108671,
              50.4132018229972
            ],
            [
              -104.567974993487,
              50.4132893382323
            ],
            [
              -104.568393624402,
              50.4135044058702
            ],
            [
              -104.568765967608,
              50.4136730111078
            ],
            [
              -104.569050210597,
              50.413763648624
            ],
            [
              -104.569367935003,
              50.4137707972654
            ],
            [
              -104.569588062985,
              50.4137178671163
            ],
            [
              -104.569734712483,
              50.4135213186189
            ],
            [
              -104.569728235263,
              50.41320476119
            ],
            [
              -104.569562201297,
              50.4129607750595
            ],
            [
              -104.569233553081,
              50.4126131582283
            ],
            [
              -104.569146618189,
              50.4124097820604
            ],
            [
              -104.56922219033,
              50.4123204691877
            ],
            [
              -104.569582295052,
              50.412290451376
            ],
            [
              -104.57005418709,
              50.412301154001
            ],
            [
              -104.570763242226,
              50.4124411390382
            ],
            [
              -104.571214909501,
              50.4126219728364
            ],
            [
              -104.572018162152,
              50.4130880134157
            ],
            [
              -104.572301320073,
              50.4132776475519
            ],
            [
              -104.572298838422,
              50.4114347930467
            ],
            [
              -104.572301781567,
              50.4105217874329
            ],
            [
              -104.572305263098,
              50.4078994898712
            ],
            [
              -104.572308244025,
              50.4062389538072
            ],
            [
              -104.57232285908,
              50.3967942560602
            ],
            [
              -104.594960617164,
              50.3967895906479
            ],
            [
              -104.602460310291,
              50.3967879449314
            ],
            [
              -104.602673407224,
              50.3967382450665
            ],
            [
              -104.602934615209,
              50.3966825547579
            ],
            [
              -104.603287715546,
              50.39661650114
            ],
            [
              -104.603681729753,
              50.3965541780501
            ],
            [
              -104.604107528087,
              50.3965006690624
            ],
            [
              -104.604443502132,
              50.3964679073679
            ],
            [
              -104.604751020128,
              50.3964453467815
            ],
            [
              -104.605121848016,
              50.396426861518
            ],
            [
              -104.605568230891,
              50.396414974905
            ],
            [
              -104.605818401788,
              50.3964131247243
            ],
            [
              -104.606552208183,
              50.3964201185601
            ],
            [
              -104.606553377533,
              50.3973225460467
            ],
            [
              -104.602133753102,
              50.397306792826
            ],
            [
              -104.600382839185,
              50.3981291119754
            ],
            [
              -104.599052471801,
              50.399035017528
            ],
            [
              -104.595360195723,
              50.4024690748459
            ],
            [
              -104.590231523149,
              50.4071986783993
            ],
            [
              -104.589563616962,
              50.4078173311918
            ],
            [
              -104.591231373741,
              50.4087898674951
            ],
            [
              -104.593800364929,
              50.4098452557347
            ],
            [
              -104.594629444965,
              50.4106718968956
            ],
            [
              -104.595232520774,
              50.4114125461245
            ],
            [
              -104.595629334819,
              50.4118998661053
            ],
            [
              -104.595997409896,
              50.4136822175752
            ],
            [
              -104.595639133632,
              50.4148386690351
            ],
            [
              -104.594999436615,
              50.4163058286865
            ],
            [
              -104.593863149969,
              50.4187953678996
            ],
            [
              -104.593673510645,
              50.4205980379909
            ],
            [
              -104.594286296047,
              50.4222921895962
            ],
            [
              -104.595315974503,
              50.4241436289793
            ],
            [
              -104.595936241416,
              50.4249695248694
            ],
            [
              -104.597703352464,
              50.4261778510189
            ],
            [
              -104.60030621686,
              50.42747807833
            ],
            [
              -104.601088790887,
              50.4264357153903
            ],
            [
              -104.601586830152,
              50.4256181632587
            ],
            [
              -104.601673958806,
              50.424990944973
            ],
            [
              -104.601616962882,
              50.4233245593131
            ],
            [
              -104.618083269183,
              50.4233797507719
            ]
          ]
        ]
      },
      "properties": {
        "name": "Wascana Park",
        "source": "city_of_regina_gis",
        "objectid": 128,
        "shape__area": 23181391.453125,
        "shape__length": 37533.40554807502
      }
    },
    {
      "type": "Feature",
      "geometry": {
        "type": "Polygon",
        "coordinates": [
          [
            [
              -104.677601657805,
              50.4568648385918
            ],
            [
              -104.67760149435,
              50.4569983682458
            ],
            [
              -104.678299235655,
              50.4579707462747
            ],
            [
              -104.678871553253,
              50.4584792906081
            ],
            [
              -104.679320548279,
              50.45827694431
            ],
            [
              -104.679393181763,
              50.4583414250537
            ],
            [
              -104.6787585089,
              50.4586325853566
            ],
            [
              -104.67928461519,
              50.4590999899904
            ],
            [
              -104.680949528223,
              50.4593566609074
            ],
            [
              -104.681685580212,
              50.4590790908008
            ],
            [
              -104.681984971798,
              50.4594008774483
            ],
            [
              -104.681999212428,
              50.4594617120858
            ],
            [
              -104.681411439502,
              50.4595550702443
            ],
            [
              -104.681723206486,
              50.4609023260148
            ],
            [
              -104.682329216726,
              50.4609023763892
            ],
            [
              -104.682489905214,
              50.4615925165728
            ],
            [
              -104.682488150509,
              50.4620698823066
            ],
            [
              -104.681364078255,
              50.4620698594455
            ],
            [
              -104.681359844892,
              50.4620656867352
            ],
            [
              -104.681355297315,
              50.4620619802437
            ],
            [
              -104.681349198267,
              50.4620578873224
            ],
            [
              -104.681343626247,
              50.4620548028125
            ],
            [
              -104.681337653968,
              50.462052040104
            ],
            [
              -104.681330024139,
              50.4620491790381
            ],
            [
              -104.6813233361,
              50.4620471942735
            ],
            [
              -104.681314990944,
              50.4620453151937
            ],
            [
              -104.681306383644,
              50.4620440029126
            ],
            [
              -104.681299078442,
              50.4620433535177
            ],
            [
              -104.681291712787,
              50.4620431126151
            ],
            [
              -104.681282872249,
              50.4620433658336
            ],
            [
              -104.681274121985,
              50.4620442072486
            ],
            [
              -104.681266967482,
              50.4620453517565
            ],
            [
              -104.681259996532,
              50.4620468898845
            ],
            [
              -104.681251948472,
              50.4620492386377
            ],
            [
              -104.681241898771,
              50.4620531799927
            ],
            [
              -104.681233884568,
              50.4620573329776
            ],
            [
              -104.681226722539,
              50.4620620782606
            ],
            [
              -104.681219718049,
              50.4620681359981
            ],
            [
              -104.681214101986,
              50.4620747567094
            ],
            [
              -104.681209984316,
              50.4620818123426
            ],
            [
              -104.681207444867,
              50.4620891646906
            ],
            [
              -104.681206557653,
              50.4620957295728
            ],
            [
              -104.68120679967,
              50.4621013763401
            ],
            [
              -104.681208248117,
              50.4621079001349
            ],
            [
              -104.681210473714,
              50.4621133672878
            ],
            [
              -104.681214184328,
              50.4621195159601
            ],
            [
              -104.681218279972,
              50.4621245234581
            ],
            [
              -104.681224062362,
              50.4621299816464
            ],
            [
              -104.681230843518,
              50.4621349495899
            ],
            [
              -104.681237375018,
              50.4621387608066
            ],
            [
              -104.681237401336,
              50.4624262805093
            ],
            [
              -104.681223473377,
              50.4624256561393
            ],
            [
              -104.681212410493,
              50.4624255795046
            ],
            [
              -104.681201356396,
              50.4624258724121
            ],
            [
              -104.681190341298,
              50.4624265340812
            ],
            [
              -104.681179395417,
              50.4624275628681
            ],
            [
              -104.681168548977,
              50.4624289559775
            ],
            [
              -104.681157831761,
              50.46243070975
            ],
            [
              -104.681147273108,
              50.4624328187979
            ],
            [
              -104.681136901458,
              50.4624352777314
            ],
            [
              -104.681123413457,
              50.4624390890731
            ],
            [
              -104.681113588793,
              50.462442336602
            ],
            [
              -104.681104044184,
              50.4624459077951
            ],
            [
              -104.681094804941,
              50.4624497929369
            ],
            [
              -104.681085897283,
              50.4624539817391
            ],
            [
              -104.681077344736,
              50.4624584621791
            ],
            [
              -104.681069171728,
              50.4624632219491
            ],
            [
              -104.681061399984,
              50.462468248446
            ],
            [
              -104.681054050787,
              50.4624735279144
            ],
            [
              -104.681047144976,
              50.4624790454466
            ],
            [
              -104.681040700688,
              50.4624847858396
            ],
            [
              -104.681034736057,
              50.4624907341782
            ],
            [
              -104.681029266979,
              50.4624968732388
            ],
            [
              -104.681024308892,
              50.46250318666
            ],
            [
              -104.681018516282,
              50.4625118458523
            ],
            [
              -104.681014800261,
              50.4625184979496
            ],
            [
              -104.681010703856,
              50.4625275431089
            ],
            [
              -104.681008286026,
              50.462534434462
            ],
            [
              -104.681006436238,
              50.4625413973042
            ],
            [
              -104.681005160029,
              50.462548412657
            ],
            [
              -104.681004460689,
              50.4625554606718
            ],
            [
              -104.681004340148,
              50.4625625226478
            ],
            [
              -104.681004798539,
              50.4625695787281
            ],
            [
              -104.681005835088,
              50.4625766099166
            ],
            [
              -104.681007446771,
              50.4625835969231
            ],
            [
              -104.681009629209,
              50.4625905201662
            ],
            [
              -104.681012376214,
              50.4625973614981
            ],
            [
              -104.681015680253,
              50.4626041013287
            ],
            [
              -104.681019531981,
              50.4626107215016
            ],
            [
              -104.681027141037,
              50.4626214405696
            ],
            [
              -104.681036184223,
              50.4626316953369
            ],
            [
              -104.681042270728,
              50.4626375929554
            ],
            [
              -104.681048832503,
              50.4626432789133
            ],
            [
              -104.681055851617,
              50.4626487379086
            ],
            [
              -104.681063308334,
              50.4626539549221
            ],
            [
              -104.681071182461,
              50.4626589157969
            ],
            [
              -104.6810794529,
              50.4626636066612
            ],
            [
              -104.681094054571,
              50.4626707907092
            ],
            [
              -104.681103267582,
              50.4626747013724
            ],
            [
              -104.68111278793,
              50.4626782986129
            ],
            [
              -104.681122590879,
              50.4626815731537
            ],
            [
              -104.681132648088,
              50.4626845157078
            ],
            [
              -104.681142933462,
              50.4626871181458
            ],
            [
              -104.681153417744,
              50.4626893731926
            ],
            [
              -104.681164072568,
              50.4626912753026
            ],
            [
              -104.681174869118,
              50.4626928186409
            ],
            [
              -104.681185777215,
              50.4626939990959
            ],
            [
              -104.681196766671,
              50.4626948137071
            ],
            [
              -104.681215183519,
              50.4626953522398
            ],
            [
              -104.681226244065,
              50.4626951825216
            ],
            [
              -104.681237275533,
              50.4626946434914
            ],
            [
              -104.681237138267,
              50.4629438507162
            ],
            [
              -104.681230235934,
              50.4629479719233
            ],
            [
              -104.681224464164,
              50.462952253934
            ],
            [
              -104.681218660652,
              50.4629577031238
            ],
            [
              -104.681214546347,
              50.4629627042502
            ],
            [
              -104.681210811651,
              50.4629688469182
            ],
            [
              -104.68120856483,
              50.4629743107416
            ],
            [
              -104.681207225227,
              50.4629798941793
            ],
            [
              -104.681206806775,
              50.4629855365466
            ],
            [
              -104.681207314849,
              50.4629911759837
            ],
            [
              -104.681209070563,
              50.4629976689624
            ],
            [
              -104.681212052493,
              50.4630039770867
            ],
            [
              -104.681215551868,
              50.463009165408
            ],
            [
              -104.681220680229,
              50.4630148836909
            ],
            [
              -104.68122591832,
              50.4630194364469
            ],
            [
              -104.681231873081,
              50.4630236150271
            ],
            [
              -104.681239638741,
              50.4630279556987
            ],
            [
              -104.681246913314,
              50.4630311720779
            ],
            [
              -104.681254675038,
              50.4630338852993
            ],
            [
              -104.681262838449,
              50.4630360657743
            ],
            [
              -104.681271313984,
              50.4630376899469
            ],
            [
              -104.681280009343,
              50.4630387394336
            ],
            [
              -104.681290304085,
              50.4630392226166
            ],
            [
              -104.681299146428,
              50.4630389967422
            ],
            [
              -104.681307903007,
              50.4630381821069
            ],
            [
              -104.681316478632,
              50.4630367876591
            ],
            [
              -104.681324778521,
              50.4630348283922
            ],
            [
              -104.681332712355,
              50.4630323265063
            ],
            [
              -104.68134019339,
              50.4630293085282
            ],
            [
              -104.681347138893,
              50.4630258081906
            ],
            [
              -104.681353473316,
              50.4630218635623
            ],
            [
              -104.681359126936,
              50.4630175179085
            ],
            [
              -104.681364037665,
              50.463012818832
            ],
            [
              -104.682489623938,
              50.4630127557988
            ],
            [
              -104.682487635771,
              50.4630430402479
            ],
            [
              -104.682481661578,
              50.4630731104372
            ],
            [
              -104.682471743744,
              50.463102752987
            ],
            [
              -104.682457952639,
              50.4631317575515
            ],
            [
              -104.68244038612,
              50.4631599183119
            ],
            [
              -104.682419168833,
              50.4631870354368
            ],
            [
              -104.682394451333,
              50.4632129164998
            ],
            [
              -104.682366409012,
              50.4632373778459
            ],
            [
              -104.682348400139,
              50.4632482820839
            ],
            [
              -104.682331962495,
              50.4632601545133
            ],
            [
              -104.682317223322,
              50.4632729032322
            ],
            [
              -104.682304296713,
              50.4632864295557
            ],
            [
              -104.682293282732,
              50.4633006287794
            ],
            [
              -104.682284266638,
              50.4633153909903
            ],
            [
              -104.682277318225,
              50.463330601917
            ],
            [
              -104.68227249128,
              50.4633461438147
            ],
            [
              -104.68226982317,
              50.4633618963765
            ],
            [
              -104.682269334552,
              50.4633777376647
            ],
            [
              -104.682271029209,
              50.4633935450547
            ],
            [
              -104.682274894025,
              50.463409196184
            ],
            [
              -104.682280899086,
              50.4634245698998
            ],
            [
              -104.682288997909,
              50.4634395471964
            ],
            [
              -104.682299127805,
              50.4634540121368
            ],
            [
              -104.682311210361,
              50.4634678527498
            ],
            [
              -104.682325152049,
              50.463480961897
            ],
            [
              -104.68234084495,
              50.4634932381021
            ],
            [
              -104.682358167589,
              50.4635045863365
            ],
            [
              -104.682376985874,
              50.4635149187547
            ],
            [
              -104.682397154135,
              50.4635241553746
            ],
            [
              -104.682418516253,
              50.4635322246965
            ],
            [
              -104.682440906866,
              50.4635390642564
            ],
            [
              -104.682464152651,
              50.4635446211101
            ],
            [
              -104.682488073664,
              50.4635488522423
            ],
            [
              -104.682512484736,
              50.4635517249003
            ],
            [
              -104.682537196902,
              50.4635532168471
            ],
            [
              -104.682562018868,
              50.4635533165336
            ],
            [
              -104.682586758489,
              50.4635520231881
            ],
            [
              -104.682611224258,
              50.4635493468224
            ],
            [
              -104.682635226786,
              50.4635453081539
            ],
            [
              -104.682658580274,
              50.4635399384457
            ],
            [
              -104.682681103943,
              50.4635332792641
            ],
            [
              -104.682702623441,
              50.4635253821572
            ],
            [
              -104.682722972187,
              50.4635163082558
            ],
            [
              -104.682741992666,
              50.4635061278001
            ],
            [
              -104.682759537641,
              50.4634949195959
            ],
            [
              -104.682775471301,
              50.4634827704046
            ],
            [
              -104.682789670307,
              50.4634697742718
            ],
            [
              -104.682802024746,
              50.4634560317989
            ],
            [
              -104.682812438986,
              50.4634416493646
            ],
            [
              -104.682820832415,
              50.4634267383015
            ],
            [
              -104.682827140061,
              50.4634114140339
            ],
            [
              -104.6828313131,
              50.4633957951847
            ],
            [
              -104.682833319232,
              50.4633800026569
            ],
            [
              -104.682833558928,
              50.4640137633639
            ],
            [
              -104.684634824296,
              50.4640133618301
            ],
            [
              -104.684635311491,
              50.4626287380988
            ],
            [
              -104.685279753745,
              50.4626283263949
            ],
            [
              -104.686484095843,
              50.4621630244453
            ],
            [
              -104.687027485933,
              50.4617509690257
            ],
            [
              -104.687047721337,
              50.4693292203077
            ],
            [
              -104.674152912737,
              50.4693342406466
            ],
            [
              -104.669146151991,
              50.4693362856428
            ],
            [
              -104.664027840819,
              50.4693381726282
            ],
            [
              -104.664032371405,
              50.4687019411818
            ],
            [
              -104.664073315026,
              50.4629485735322
            ],
            [
              -104.664104999696,
              50.4584936939248
            ],
            [
              -104.663901455917,
              50.4584028727253
            ],
            [
              -104.661914734155,
              50.4575695987816
            ],
            [
              -104.661915135641,
              50.456894358556
            ],
            [
              -104.661915220217,
              50.4567518280851
            ],
            [
              -104.661898042663,
              50.4557246387617
            ],
            [
              -104.662594000645,
              50.4557237319959
            ],
            [
              -104.662597811558,
              50.4551888559503
            ],
            [
              -104.663851156146,
              50.4551912939242
            ],
            [
              -104.667472660231,
              50.4551982638021
            ],
            [
              -104.675469862738,
              50.4551918567858
            ],
            [
              -104.675474418367,
              50.4568466427305
            ],
            [
              -104.675795977652,
              50.4568598079751
            ],
            [
              -104.677601657805,
              50.4568648385918
            ]
          ]
        ]
      },
      "properties": {
        "name": "Mount Royal",
        "source": "city_of_regina_gis",
        "objectid": 53,
        "shape__area": 5265157.65625,
        "shape__length": 11584.404538952836
      }
    },
    {
      "type": "Feature",
      "geometry": {
        "type": "Polygon",
        "coordinates": [
          [
            [
              -104.526233307365,
              50.467631371628
            ],
            [
              -104.526233307995,
              50.4676313311244
            ],
            [
              -104.542141107907,
              50.4647403855075
            ],
            [
              -104.548926023372,
              50.4634613854985
            ],
            [
              -104.548979682254,
              50.4772221333836
            ],
            [
              -104.549177954467,
              50.4839551237229
            ],
            [
              -104.537053940329,
              50.4838613697649
            ],
            [
              -104.526256199558,
              50.4838641217534
            ],
            [
              -104.526234019293,
              50.4696828219166
            ],
            [
              -104.526233307365,
              50.467631371628
            ]
          ]
        ]
      },
      "properties": {
        "name": "East Regina Industrial Land",
        "source": "city_of_regina_gis",
        "objectid": 77,
        "shape__area": 8120411.703125,
        "shape__length": 11605.29958878747
      }
    },
    {
      "type": "Feature",
      "geometry": {
        "type": "Polygon",
        "coordinates": [
          [
            [
              -104.640935191038,
              50.4114615241981
            ],
            [
              -104.61806114737,
              50.4113884555072
            ],
            [
              -104.6180852477,
              50.4075232607186
            ],
            [
              -104.618146836007,
              50.3974414547486
            ],
            [
              -104.62218433184,
              50.3974433817005
            ],
            [
              -104.629465527732,
              50.3974476409805
            ],
            [
              -104.629465762078,
              50.3973201145969
            ],
            [
              -104.637114493776,
              50.3973193957092
            ],
            [
              -104.637606094583,
              50.3973187688251
            ],
            [
              -104.637734972316,
              50.3973189003415
            ],
            [
              -104.637770705221,
              50.3973194612086
            ],
            [
              -104.63782430081,
              50.3973207972257
            ],
            [
              -104.637877890706,
              50.3973227627433
            ],
            [
              -104.637949196655,
              50.397326401621
            ],
            [
              -104.638002494431,
              50.3973298950618
            ],
            [
              -104.638091219669,
              50.3973370960109
            ],
            [
              -104.638144223071,
              50.3973422972302
            ],
            [
              -104.638214652729,
              50.3973501607256
            ],
            [
              -104.638284791901,
              50.3973591922824
            ],
            [
              -104.638319647146,
              50.3973641571239
            ],
            [
              -104.638371785912,
              50.3973720535921
            ],
            [
              -104.638406495693,
              50.3973776474263
            ],
            [
              -104.638475486242,
              50.3973897332212
            ],
            [
              -104.638526907227,
              50.3973995160178
            ],
            [
              -104.638612252325,
              50.3974172577081
            ],
            [
              -104.638696024934,
              50.3974365542075
            ],
            [
              -104.638762589091,
              50.3974532188935
            ],
            [
              -104.638828441621,
              50.3974709606202
            ],
            [
              -104.638877438845,
              50.3974849626672
            ],
            [
              -104.638909866684,
              50.3974945962566
            ],
            [
              -104.638974153924,
              50.3975146713441
            ],
            [
              -104.639037588853,
              50.3975358229677
            ],
            [
              -104.639100172842,
              50.3975578711917
            ],
            [
              -104.639161763605,
              50.3975809955894
            ],
            [
              -104.639207495019,
              50.3975989444937
            ],
            [
              -104.639237651634,
              50.3976112685565
            ],
            [
              -104.639297256647,
              50.3976365451567
            ],
            [
              -104.639355869351,
              50.3976628079316
            ],
            [
              -104.639384751596,
              50.3976762077254
            ],
            [
              -104.639427508117,
              50.3976968453617
            ],
            [
              -104.639483802744,
              50.3977251653557
            ],
            [
              -104.640355696581,
              50.3981760201895
            ],
            [
              -104.640789016834,
              50.3983339258014
            ],
            [
              -104.640926932462,
              50.3983831633527
            ],
            [
              -104.640903363392,
              50.4029392120657
            ],
            [
              -104.640935191038,
              50.4114615241981
            ]
          ]
        ]
      },
      "properties": {
        "name": "Albert Park",
        "source": "city_of_regina_gis",
        "objectid": 98,
        "shape__area": 6203334.7421875,
        "shape__length": 9878.525473206286
      }
    },
    {
      "type": "Feature",
      "geometry": {
        "type": "Polygon",
        "coordinates": [
          [
            [
              -104.595074458575,
              50.4916131141441
            ],
            [
              -104.595060652369,
              50.4917792407332
            ],
            [
              -104.59503654456,
              50.4945918867518
            ],
            [
              -104.594984401316,
              50.4989322103365
            ],
            [
              -104.572270374097,
              50.4987740209877
            ],
            [
              -104.56073600023,
              50.498849157936
            ],
            [
              -104.547440902985,
              50.498921522994
            ],
            [
              -104.537101344561,
              50.4989236713376
            ],
            [
              -104.537073168748,
              50.4916637579347
            ],
            [
              -104.537053940329,
              50.4838613697649
            ],
            [
              -104.549177954467,
              50.4839551237229
            ],
            [
              -104.548979682254,
              50.4772221333836
            ],
            [
              -104.55882399658,
              50.4787717045107
            ],
            [
              -104.558773264404,
              50.4842151569222
            ],
            [
              -104.56562485876,
              50.4842410556229
            ],
            [
              -104.565666827952,
              50.4796689316681
            ],
            [
              -104.572407543845,
              50.4807536835842
            ],
            [
              -104.574500344534,
              50.4787737603429
            ],
            [
              -104.582692261833,
              50.480196640355
            ],
            [
              -104.585518024081,
              50.4774902920007
            ],
            [
              -104.583763248648,
              50.4767090156109
            ],
            [
              -104.583571648993,
              50.4692335176221
            ],
            [
              -104.595231372953,
              50.4693059739252
            ],
            [
              -104.595133865723,
              50.4806945915989
            ],
            [
              -104.595103168931,
              50.4842806266334
            ],
            [
              -104.595074458575,
              50.4916131141441
            ]
          ]
        ]
      },
      "properties": {
        "name": "UNDEVELOP",
        "source": "city_of_regina_gis",
        "objectid": 76,
        "shape__area": 22640150.171875,
        "shape__length": 25983.385648660977
      }
    },
    {
      "type": "Feature",
      "geometry": {
        "type": "Polygon",
        "coordinates": [
          [
            [
              -104.687027485933,
              50.4617509690257
            ],
            [
              -104.686484095843,
              50.4621630244453
            ],
            [
              -104.685279753745,
              50.4626283263949
            ],
            [
              -104.684635311491,
              50.4626287380988
            ],
            [
              -104.684634824296,
              50.4640133618301
            ],
            [
              -104.682833558928,
              50.4640137633639
            ],
            [
              -104.682833319232,
              50.4633800026569
            ],
            [
              -104.6828313131,
              50.4633957951846
            ],
            [
              -104.682827140061,
              50.4634114140338
            ],
            [
              -104.682820832415,
              50.4634267383015
            ],
            [
              -104.682812438986,
              50.4634416493646
            ],
            [
              -104.682802024746,
              50.4634560317988
            ],
            [
              -104.682789670307,
              50.4634697742718
            ],
            [
              -104.682775471301,
              50.4634827704046
            ],
            [
              -104.682759537641,
              50.4634949195958
            ],
            [
              -104.682741992666,
              50.4635061278001
            ],
            [
              -104.682722972187,
              50.4635163082558
            ],
            [
              -104.682702623441,
              50.4635253821571
            ],
            [
              -104.682681103943,
              50.463533279264
            ],
            [
              -104.682658580273,
              50.4635399384456
            ],
            [
              -104.682635226786,
              50.4635453081538
            ],
            [
              -104.682611224257,
              50.4635493468223
            ],
            [
              -104.682586758489,
              50.463552023188
            ],
            [
              -104.682562018868,
              50.4635533165335
            ],
            [
              -104.682537196902,
              50.463553216847
            ],
            [
              -104.682512484736,
              50.4635517249002
            ],
            [
              -104.682488073664,
              50.4635488522422
            ],
            [
              -104.682464152651,
              50.46354462111
            ],
            [
              -104.682440906866,
              50.4635390642563
            ],
            [
              -104.682418516253,
              50.4635322246964
            ],
            [
              -104.682397154135,
              50.4635241553746
            ],
            [
              -104.682376985874,
              50.4635149187546
            ],
            [
              -104.682358167589,
              50.4635045863364
            ],
            [
              -104.68234084495,
              50.463493238102
            ],
            [
              -104.682325152049,
              50.4634809618969
            ],
            [
              -104.682311210361,
              50.4634678527497
            ],
            [
              -104.682299127805,
              50.4634540121367
            ],
            [
              -104.682288997909,
              50.4634395471963
            ],
            [
              -104.682280899086,
              50.4634245698997
            ],
            [
              -104.682274894025,
              50.4634091961839
            ],
            [
              -104.682271029209,
              50.4633935450547
            ],
            [
              -104.682269334552,
              50.4633777376647
            ],
            [
              -104.682269823171,
              50.4633618963765
            ],
            [
              -104.68227249128,
              50.4633461438146
            ],
            [
              -104.682277318225,
              50.463330601917
            ],
            [
              -104.682284266638,
              50.4633153909903
            ],
            [
              -104.682293282732,
              50.4633006287794
            ],
            [
              -104.682304296713,
              50.4632864295557
            ],
            [
              -104.682317223322,
              50.4632729032322
            ],
            [
              -104.682331962495,
              50.4632601545133
            ],
            [
              -104.682348400139,
              50.4632482820839
            ],
            [
              -104.682366409012,
              50.4632373778459
            ],
            [
              -104.682394451333,
              50.4632129164998
            ],
            [
              -104.682419168833,
              50.4631870354368
            ],
            [
              -104.68244038612,
              50.4631599183119
            ],
            [
              -104.682457952639,
              50.4631317575515
            ],
            [
              -104.682471743744,
              50.463102752987
            ],
            [
              -104.682481661578,
              50.4630731104372
            ],
            [
              -104.682487635771,
              50.4630430402479
            ],
            [
              -104.682489623938,
              50.4630127557988
            ],
            [
              -104.681364037665,
              50.463012818832
            ],
            [
              -104.681359126936,
              50.4630175179085
            ],
            [
              -104.681353473316,
              50.4630218635623
            ],
            [
              -104.681347138893,
              50.4630258081906
            ],
            [
              -104.68134019339,
              50.4630293085282
            ],
            [
              -104.681332712355,
              50.4630323265063
            ],
            [
              -104.681324778521,
              50.4630348283922
            ],
            [
              -104.681316478632,
              50.4630367876591
            ],
            [
              -104.681307903007,
              50.4630381821069
            ],
            [
              -104.681299146428,
              50.4630389967422
            ],
            [
              -104.681290304085,
              50.4630392226166
            ],
            [
              -104.681280009343,
              50.4630387394336
            ],
            [
              -104.681271313984,
              50.4630376899469
            ],
            [
              -104.681262838449,
              50.4630360657743
            ],
            [
              -104.681254675038,
              50.4630338852993
            ],
            [
              -104.681246913314,
              50.4630311720779
            ],
            [
              -104.681239638741,
              50.4630279556987
            ],
            [
              -104.681231873081,
              50.4630236150271
            ],
            [
              -104.68122591832,
              50.4630194364469
            ],
            [
              -104.681220680229,
              50.4630148836909
            ],
            [
              -104.681215551868,
              50.463009165408
            ],
            [
              -104.681212052493,
              50.4630039770867
            ],
            [
              -104.681209070563,
              50.4629976689624
            ],
            [
              -104.681207314849,
              50.4629911759837
            ],
            [
              -104.681206806775,
              50.4629855365466
            ],
            [
              -104.681207225227,
              50.4629798941793
            ],
            [
              -104.68120856483,
              50.4629743107416
            ],
            [
              -104.681210811651,
              50.4629688469182
            ],
            [
              -104.681214546347,
              50.4629627042502
            ],
            [
              -104.681218660652,
              50.4629577031238
            ],
            [
              -104.681224464164,
              50.462952253934
            ],
            [
              -104.681230235934,
              50.4629479719233
            ],
            [
              -104.681237138267,
              50.4629438507162
            ],
            [
              -104.681237275533,
              50.4626946434914
            ],
            [
              -104.681226244065,
              50.4626951825216
            ],
            [
              -104.681215183519,
              50.4626953522398
            ],
            [
              -104.681196766671,
              50.4626948137071
            ],
            [
              -104.681185777215,
              50.4626939990959
            ],
            [
              -104.681174869118,
              50.4626928186409
            ],
            [
              -104.681164072568,
              50.4626912753026
            ],
            [
              -104.681153417744,
              50.4626893731926
            ],
            [
              -104.681142933462,
              50.4626871181458
            ],
            [
              -104.681132648088,
              50.4626845157078
            ],
            [
              -104.681122590879,
              50.4626815731537
            ],
            [
              -104.68111278793,
              50.4626782986129
            ],
            [
              -104.681103267582,
              50.4626747013724
            ],
            [
              -104.681094054571,
              50.4626707907092
            ],
            [
              -104.6810794529,
              50.4626636066612
            ],
            [
              -104.681071182461,
              50.4626589157969
            ],
            [
              -104.681063308334,
              50.4626539549221
            ],
            [
              -104.681055851617,
              50.4626487379086
            ],
            [
              -104.681048832503,
              50.4626432789133
            ],
            [
              -104.681042270728,
              50.4626375929554
            ],
            [
              -104.681036184223,
              50.4626316953369
            ],
            [
              -104.681027141037,
              50.4626214405696
            ],
            [
              -104.681019531981,
              50.4626107215016
            ],
            [
              -104.681015680253,
              50.4626041013287
            ],
            [
              -104.681012376214,
              50.4625973614981
            ],
            [
              -104.681009629209,
              50.4625905201662
            ],
            [
              -104.681007446771,
              50.4625835969231
            ],
            [
              -104.681005835088,
              50.4625766099166
            ],
            [
              -104.681004798539,
              50.4625695787281
            ],
            [
              -104.681004340148,
              50.4625625226478
            ],
            [
              -104.681004460689,
              50.4625554606718
            ],
            [
              -104.681005160029,
              50.462548412657
            ],
            [
              -104.681006436238,
              50.4625413973042
            ],
            [
              -104.681008286026,
              50.462534434462
            ],
            [
              -104.681010703856,
              50.4625275431089
            ],
            [
              -104.681014800261,
              50.4625184979496
            ],
            [
              -104.681018516282,
              50.4625118458523
            ],
            [
              -104.681024308892,
              50.46250318666
            ],
            [
              -104.681029266979,
              50.4624968732388
            ],
            [
              -104.681034736057,
              50.4624907341782
            ],
            [
              -104.681040700688,
              50.4624847858396
            ],
            [
              -104.681047144976,
              50.4624790454466
            ],
            [
              -104.681054050787,
              50.4624735279144
            ],
            [
              -104.681061399984,
              50.462468248446
            ],
            [
              -104.681069171728,
              50.4624632219491
            ],
            [
              -104.681077344736,
              50.4624584621791
            ],
            [
              -104.681085897283,
              50.4624539817391
            ],
            [
              -104.681094804941,
              50.4624497929369
            ],
            [
              -104.681104044184,
              50.4624459077951
            ],
            [
              -104.681113588793,
              50.462442336602
            ],
            [
              -104.681123413457,
              50.4624390890731
            ],
            [
              -104.681136901458,
              50.4624352777314
            ],
            [
              -104.681147273108,
              50.4624328187979
            ],
            [
              -104.681157831761,
              50.46243070975
            ],
            [
              -104.681168548977,
              50.4624289559775
            ],
            [
              -104.681179395417,
              50.4624275628681
            ],
            [
              -104.681190341298,
              50.4624265340812
            ],
            [
              -104.681201356396,
              50.4624258724121
            ],
            [
              -104.681212410493,
              50.4624255795046
            ],
            [
              -104.681223473377,
              50.4624256561393
            ],
            [
              -104.681237401336,
              50.4624262805093
            ],
            [
              -104.681237375018,
              50.4621387608066
            ],
            [
              -104.681230843518,
              50.4621349495899
            ],
            [
              -104.681224062362,
              50.4621299816464
            ],
            [
              -104.681218279972,
              50.4621245234581
            ],
            [
              -104.681214184328,
              50.4621195159601
            ],
            [
              -104.681210473714,
              50.4621133672878
            ],
            [
              -104.681208248117,
              50.4621079001349
            ],
            [
              -104.68120679967,
              50.4621013763401
            ],
            [
              -104.681206557653,
              50.4620957295728
            ],
            [
              -104.681207444867,
              50.4620891646906
            ],
            [
              -104.681209984316,
              50.4620818123426
            ],
            [
              -104.681214101986,
              50.4620747567094
            ],
            [
              -104.681219718049,
              50.4620681359981
            ],
            [
              -104.681226722539,
              50.4620620782606
            ],
            [
              -104.681233884568,
              50.4620573329776
            ],
            [
              -104.681241898771,
              50.4620531799927
            ],
            [
              -104.681251948472,
              50.4620492386377
            ],
            [
              -104.681259996532,
              50.4620468898845
            ],
            [
              -104.681266967482,
              50.4620453517565
            ],
            [
              -104.681274121985,
              50.4620442072486
            ],
            [
              -104.681282872249,
              50.4620433658336
            ],
            [
              -104.681291712787,
              50.4620431126151
            ],
            [
              -104.681299078442,
              50.4620433535177
            ],
            [
              -104.681306383644,
              50.4620440029126
            ],
            [
              -104.681314990944,
              50.4620453151937
            ],
            [
              -104.6813233361,
              50.4620471942735
            ],
            [
              -104.681330024139,
              50.4620491790381
            ],
            [
              -104.681337653968,
              50.462052040104
            ],
            [
              -104.681343626247,
              50.4620548028125
            ],
            [
              -104.681349198267,
              50.4620578873224
            ],
            [
              -104.681355297315,
              50.4620619802437
            ],
            [
              -104.681359844892,
              50.4620656867352
            ],
            [
              -104.681364078255,
              50.4620698594455
            ],
            [
              -104.682488150509,
              50.4620698823066
            ],
            [
              -104.682489905214,
              50.4615925165728
            ],
            [
              -104.682329216726,
              50.4609023763892
            ],
            [
              -104.681723206486,
              50.4609023260148
            ],
            [
              -104.681411439502,
              50.4595550702443
            ],
            [
              -104.681999212428,
              50.4594617120858
            ],
            [
              -104.681984971798,
              50.4594008774483
            ],
            [
              -104.681685580212,
              50.4590790908008
            ],
            [
              -104.680949528223,
              50.4593566609074
            ],
            [
              -104.67928461519,
              50.4590999899904
            ],
            [
              -104.6787585089,
              50.4586325853566
            ],
            [
              -104.679393181763,
              50.4583414250537
            ],
            [
              -104.679320548279,
              50.45827694431
            ],
            [
              -104.678871553253,
              50.4584792906081
            ],
            [
              -104.678299235655,
              50.4579707462747
            ],
            [
              -104.67760149435,
              50.4569983682458
            ],
            [
              -104.677601657805,
              50.4568648385918
            ],
            [
              -104.6795890186,
              50.4568703436009
            ],
            [
              -104.679591406494,
              50.456517381259
            ],
            [
              -104.678513375804,
              50.4565176436952
            ],
            [
              -104.678505650255,
              50.4551892843768
            ],
            [
              -104.686736305796,
              50.4551819026019
            ],
            [
              -104.688218453026,
              50.4551924959398
            ],
            [
              -104.688263752962,
              50.4617500690515
            ],
            [
              -104.687027485933,
              50.4617509690257
            ]
          ]
        ]
      },
      "properties": {
        "name": "Dieppe Place",
        "source": "city_of_regina_gis",
        "objectid": 100,
        "shape__area": 1218139.5234375,
        "shape__length": 6055.569693927625
      }
    },
    {
      "type": "Feature",
      "geometry": {
        "type": "Polygon",
        "coordinates": [
          [
            [
              -104.598244480255,
              50.4989518145813
            ],
            [
              -104.614733519746,
              50.4989193951286
            ],
            [
              -104.614861190859,
              50.4990161422522
            ],
            [
              -104.615015146263,
              50.4991192662272
            ],
            [
              -104.615152185217,
              50.4992248514122
            ],
            [
              -104.615353732018,
              50.4993913552623
            ],
            [
              -104.615560050998,
              50.4995781099798
            ],
            [
              -104.615715456924,
              50.499731690232
            ],
            [
              -104.61588276045,
              50.499912019314
            ],
            [
              -104.61644464232,
              50.5005600218051
            ],
            [
              -104.616696764331,
              50.5008723944531
            ],
            [
              -104.61682068349,
              50.5010497897117
            ],
            [
              -104.616878221848,
              50.501160939078
            ],
            [
              -104.616292047571,
              50.5012452364357
            ],
            [
              -104.6159236796,
              50.5012939580715
            ],
            [
              -104.615208992691,
              50.5014141520059
            ],
            [
              -104.614741777483,
              50.5014826378044
            ],
            [
              -104.614332527113,
              50.501570530678
            ],
            [
              -104.613724279397,
              50.5017068666488
            ],
            [
              -104.612513332516,
              50.5020880126282
            ],
            [
              -104.61193501533,
              50.5023136867698
            ],
            [
              -104.611604463329,
              50.5024526461513
            ],
            [
              -104.61094321058,
              50.5027480696327
            ],
            [
              -104.610640247646,
              50.5028696110087
            ],
            [
              -104.610033739971,
              50.5031827201415
            ],
            [
              -104.609537461168,
              50.5034436726204
            ],
            [
              -104.609095500943,
              50.5037748360686
            ],
            [
              -104.608527133991,
              50.5041729615838
            ],
            [
              -104.598244480255,
              50.4989518145813
            ]
          ]
        ]
      },
      "properties": {
        "name": "Kensington Greens",
        "source": "city_of_regina_gis",
        "objectid": 20,
        "shape__area": 1023594.59375,
        "shape__length": 4854.9042680563125
      }
    },
    {
      "type": "Feature",
      "geometry": {
        "type": "Polygon",
        "coordinates": [
          [
            [
              -104.644644186587,
              50.5128056973587
            ],
            [
              -104.644747066942,
              50.512858651058
            ],
            [
              -104.644870959566,
              50.5129184927235
            ],
            [
              -104.645015575693,
              50.5129783974434
            ],
            [
              -104.645180915405,
              50.5130383651406
            ],
            [
              -104.645325631297,
              50.5130850556143
            ],
            [
              -104.645739156395,
              50.5132118490419
            ],
            [
              -104.646179284754,
              50.5133118091781
            ],
            [
              -104.646726188314,
              50.513355582318
            ],
            [
              -104.648999949281,
              50.5133607608053
            ],
            [
              -104.663935351206,
              50.5133928843983
            ],
            [
              -104.686899126255,
              50.5133636724652
            ],
            [
              -104.68985139135,
              50.513504315492
            ],
            [
              -104.689851582716,
              50.5151182255845
            ],
            [
              -104.687317099383,
              50.5151237062184
            ],
            [
              -104.687305192003,
              50.5207071214953
            ],
            [
              -104.68193063732,
              50.5207159463854
            ],
            [
              -104.68140189024,
              50.5207167544931
            ],
            [
              -104.68140159569,
              50.5207165042497
            ],
            [
              -104.681400475985,
              50.5207165035601
            ],
            [
              -104.675395224721,
              50.5207254076726
            ],
            [
              -104.664063673344,
              50.5207397281523
            ],
            [
              -104.658395663769,
              50.5207297991041
            ],
            [
              -104.658355406137,
              50.5206982501382
            ],
            [
              -104.658232927971,
              50.5206034261987
            ],
            [
              -104.658109457561,
              50.5205091469412
            ],
            [
              -104.657984729071,
              50.5204154853266
            ],
            [
              -104.657858866642,
              50.5203224407084
            ],
            [
              -104.657732028896,
              50.5202299417469
            ],
            [
              -104.657604072073,
              50.5201381587446
            ],
            [
              -104.657474981427,
              50.5200469928722
            ],
            [
              -104.657344915421,
              50.519956363509
            ],
            [
              -104.657213728937,
              50.5198664412406
            ],
            [
              -104.657081411327,
              50.5197771539419
            ],
            [
              -104.656948114998,
              50.5196884932086
            ],
            [
              -104.656813842726,
              50.5196004499085
            ],
            [
              -104.656678421635,
              50.5195131315916
            ],
            [
              -104.656542024649,
              50.5194264396941
            ],
            [
              -104.656404494418,
              50.5193404728183
            ],
            [
              -104.656266126533,
              50.5192551318994
            ],
            [
              -104.656126612711,
              50.5191705077556
            ],
            [
              -104.655986105886,
              50.5190865191036
            ],
            [
              -104.655844622444,
              50.5190032557772
            ],
            [
              -104.655702287931,
              50.5189207092947
            ],
            [
              -104.655558833577,
              50.5188387977746
            ],
            [
              -104.655414402555,
              50.5187576027198
            ],
            [
              -104.655269146554,
              50.5186772135014
            ],
            [
              -104.655122928814,
              50.5185974426512
            ],
            [
              -104.654975775428,
              50.5185183793841
            ],
            [
              -104.654827699211,
              50.5184400145975
            ],
            [
              -104.652471967017,
              50.5172011020877
            ],
            [
              -104.647289621067,
              50.5144857101105
            ],
            [
              -104.646796011805,
              50.5142276091372
            ],
            [
              -104.645548754862,
              50.513500321315
            ],
            [
              -104.645405537014,
              50.5135003143774
            ],
            [
              -104.645331669227,
              50.5134617258125
            ],
            [
              -104.645514333183,
              50.5134617432302
            ],
            [
              -104.644644186587,
              50.5128056973587
            ]
          ]
        ]
      },
      "properties": {
        "name": "UNDEVELOP",
        "source": "city_of_regina_gis",
        "objectid": 74,
        "shape__area": 5130614.7734375,
        "shape__length": 11926.844036221799
      }
    },
    {
      "type": "Feature",
      "geometry": {
        "type": "Polygon",
        "coordinates": [
          [
            [
              -104.608527133991,
              50.5041729615838
            ],
            [
              -104.609095500943,
              50.5037748360686
            ],
            [
              -104.609537461168,
              50.5034436726204
            ],
            [
              -104.610033739971,
              50.5031827201415
            ],
            [
              -104.610640247646,
              50.5028696110087
            ],
            [
              -104.61094321058,
              50.5027480696327
            ],
            [
              -104.611604463329,
              50.5024526461513
            ],
            [
              -104.61193501533,
              50.5023136867698
            ],
            [
              -104.612513332516,
              50.5020880126282
            ],
            [
              -104.613724279397,
              50.5017068666488
            ],
            [
              -104.614332527113,
              50.501570530678
            ],
            [
              -104.614741777483,
              50.5014826378044
            ],
            [
              -104.615208992691,
              50.5014141520059
            ],
            [
              -104.6159236796,
              50.5012939580715
            ],
            [
              -104.616292047571,
              50.5012452364357
            ],
            [
              -104.616878221848,
              50.501160939078
            ],
            [
              -104.616983227981,
              50.5013158048173
            ],
            [
              -104.617074539549,
              50.5014890004771
            ],
            [
              -104.61720021206,
              50.5017519501361
            ],
            [
              -104.617297868898,
              50.5020719396866
            ],
            [
              -104.617395397797,
              50.5024079121313
            ],
            [
              -104.617442548764,
              50.5027756857699
            ],
            [
              -104.617438323401,
              50.5061771872947
            ],
            [
              -104.607151664439,
              50.5061801193673
            ],
            [
              -104.607215251461,
              50.5058449805382
            ],
            [
              -104.607430934394,
              50.5053824981956
            ],
            [
              -104.607706658631,
              50.5049781189049
            ],
            [
              -104.608103747415,
              50.5045355468173
            ],
            [
              -104.608527133991,
              50.5041729615838
            ]
          ]
        ]
      },
      "properties": {
        "name": "UNDEVELOP",
        "source": "city_of_regina_gis",
        "objectid": 50,
        "shape__area": 723479.3203125,
        "shape__length": 3513.3466274836865
      }
    },
    {
      "type": "Feature",
      "geometry": {
        "type": "Polygon",
        "coordinates": [
          [
            [
              -104.61806114737,
              50.4113884555072
            ],
            [
              -104.615464970061,
              50.4113798992794
            ],
            [
              -104.615455497017,
              50.410982461847
            ],
            [
              -104.616035372422,
              50.4109843772803
            ],
            [
              -104.616058236017,
              50.4105102278205
            ],
            [
              -104.609036577489,
              50.4105233149541
            ],
            [
              -104.609044494058,
              50.4118730640963
            ],
            [
              -104.607217813111,
              50.4118547438496
            ],
            [
              -104.60722163544,
              50.4113926886672
            ],
            [
              -104.595232520774,
              50.4114125461245
            ],
            [
              -104.594629444965,
              50.4106718968956
            ],
            [
              -104.593800364929,
              50.4098452557347
            ],
            [
              -104.591231373741,
              50.4087898674951
            ],
            [
              -104.589563616962,
              50.4078173311918
            ],
            [
              -104.590231523149,
              50.4071986783993
            ],
            [
              -104.595360195723,
              50.4024690748459
            ],
            [
              -104.599052471801,
              50.399035017528
            ],
            [
              -104.600382839185,
              50.3981291119754
            ],
            [
              -104.602133753102,
              50.397306792826
            ],
            [
              -104.606553377533,
              50.3973225460467
            ],
            [
              -104.609428633663,
              50.397320239583
            ],
            [
              -104.618146605104,
              50.3973104144108
            ],
            [
              -104.618146836007,
              50.3974414547486
            ],
            [
              -104.6180852477,
              50.4075232607186
            ],
            [
              -104.61806114737,
              50.4113884555072
            ]
          ]
        ]
      },
      "properties": {
        "name": "Whitmore Park",
        "source": "city_of_regina_gis",
        "objectid": 24,
        "shape__area": 6313873.7265625,
        "shape__length": 10613.580776682807
      }
    },
    {
      "type": "Feature",
      "geometry": {
        "type": "Polygon",
        "coordinates": [
          [
            [
              -104.644644186587,
              50.5128056973587
            ],
            [
              -104.644561634671,
              50.5127571306105
            ],
            [
              -104.644510443635,
              50.5127261999301
            ],
            [
              -104.644445593351,
              50.5126848846556
            ],
            [
              -104.644387469066,
              50.5126456762597
            ],
            [
              -104.644321815619,
              50.5125986567884
            ],
            [
              -104.644258569791,
              50.5125503314719
            ],
            [
              -104.644202034244,
              50.5125043109946
            ],
            [
              -104.644135448801,
              50.5124462362468
            ],
            [
              -104.644079960405,
              50.5123941753469
            ],
            [
              -104.644027593806,
              50.51234150314
            ],
            [
              -104.643430639121,
              50.5117187177637
            ],
            [
              -104.64349472678,
              50.5116999469542
            ],
            [
              -104.642010693356,
              50.5096437282729
            ],
            [
              -104.641946663837,
              50.5096625614019
            ],
            [
              -104.641593209055,
              50.5091727967486
            ],
            [
              -104.641586973316,
              50.5078460860675
            ],
            [
              -104.641705095063,
              50.5078462874094
            ],
            [
              -104.641704167771,
              50.5066337111969
            ],
            [
              -104.641588867973,
              50.5066337253125
            ],
            [
              -104.641591907279,
              50.5063681076315
            ],
            [
              -104.644076894178,
              50.5063784157887
            ],
            [
              -104.647151317573,
              50.5063873300321
            ],
            [
              -104.647447897801,
              50.5064071516423
            ],
            [
              -104.647803681758,
              50.5064460746639
            ],
            [
              -104.648129512958,
              50.5065227523199
            ],
            [
              -104.648425672936,
              50.5065993393923
            ],
            [
              -104.648781038059,
              50.5066950275263
            ],
            [
              -104.649106031037,
              50.5068852385012
            ],
            [
              -104.650274710215,
              50.5076023280695
            ],
            [
              -104.649402444814,
              50.5081573953703
            ],
            [
              -104.649040790991,
              50.5091171890908
            ],
            [
              -104.648999949281,
              50.5133607608053
            ],
            [
              -104.646726188314,
              50.513355582318
            ],
            [
              -104.646179284754,
              50.5133118091781
            ],
            [
              -104.645739156395,
              50.5132118490419
            ],
            [
              -104.645325631297,
              50.5130850556143
            ],
            [
              -104.645180915405,
              50.5130383651406
            ],
            [
              -104.645015575693,
              50.5129783974434
            ],
            [
              -104.644870959566,
              50.5129184927235
            ],
            [
              -104.644747066942,
              50.512858651058
            ],
            [
              -104.644644186587,
              50.5128056973587
            ]
          ]
        ]
      },
      "properties": {
        "name": "UNDEVELOP",
        "source": "city_of_regina_gis",
        "objectid": 49,
        "shape__area": 883709.578125,
        "shape__length": 3858.0037430687757
      }
    },
    {
      "type": "Feature",
      "geometry": {
        "type": "Polygon",
        "coordinates": [
          [
            [
              -104.650274710215,
              50.5076023280695
            ],
            [
              -104.649106031037,
              50.5068852385012
            ],
            [
              -104.648781038059,
              50.5066950275263
            ],
            [
              -104.648425672936,
              50.5065993393923
            ],
            [
              -104.648129512958,
              50.5065227523199
            ],
            [
              -104.647803681758,
              50.5064460746639
            ],
            [
              -104.647447897801,
              50.5064071516423
            ],
            [
              -104.647151317573,
              50.5063873300321
            ],
            [
              -104.644076894178,
              50.5063784157887
            ],
            [
              -104.641591907279,
              50.5063681076315
            ],
            [
              -104.641590998568,
              50.5061022467645
            ],
            [
              -104.641205924039,
              50.5061020969805
            ],
            [
              -104.641206205084,
              50.506052085527
            ],
            [
              -104.663949848672,
              50.5060508053293
            ],
            [
              -104.663940584815,
              50.5088974276671
            ],
            [
              -104.654076484605,
              50.5088870379336
            ],
            [
              -104.653720400259,
              50.508885979382
            ],
            [
              -104.653424078844,
              50.5088283283918
            ],
            [
              -104.652919904055,
              50.508788980301
            ],
            [
              -104.652505306593,
              50.5086742050383
            ],
            [
              -104.652061037624,
              50.508559339624
            ],
            [
              -104.65164686184,
              50.5083877932808
            ],
            [
              -104.651291896303,
              50.5082353458599
            ],
            [
              -104.650996558356,
              50.508045229949
            ],
            [
              -104.650274710215,
              50.5076023280695
            ]
          ]
        ]
      },
      "properties": {
        "name": "Lakeridge Addition",
        "source": "city_of_regina_gis",
        "objectid": 18,
        "shape__area": 807265.9453125,
        "shape__length": 5761.267610447384
      }
    },
    {
      "type": "Feature",
      "geometry": {
        "type": "Polygon",
        "coordinates": [
          [
            [
              -104.542230396819,
              50.4249766159057
            ],
            [
              -104.543485536716,
              50.4238636083647
            ],
            [
              -104.544020028924,
              50.4227284260191
            ],
            [
              -104.544153332613,
              50.4142997167633
            ],
            [
              -104.544268316286,
              50.4132297922239
            ],
            [
              -104.544458631554,
              50.4128616446068
            ],
            [
              -104.544477599915,
              50.4114571334526
            ],
            [
              -104.549398043612,
              50.4114550712915
            ],
            [
              -104.54939613136,
              50.416029226079
            ],
            [
              -104.54939512716,
              50.4184601049862
            ],
            [
              -104.549394973056,
              50.4188398437392
            ],
            [
              -104.549349495447,
              50.4188396676053
            ],
            [
              -104.549303953759,
              50.4236404686814
            ],
            [
              -104.549279648578,
              50.4261989855171
            ],
            [
              -104.549148635187,
              50.4261984776646
            ],
            [
              -104.548746225473,
              50.4260065186358
            ],
            [
              -104.548150237178,
              50.4265137745549
            ],
            [
              -104.547044185653,
              50.4260324593502
            ],
            [
              -104.543122092485,
              50.4260325888711
            ],
            [
              -104.543055810745,
              50.4259422139899
            ],
            [
              -104.542939242747,
              50.4259421156097
            ],
            [
              -104.542230396819,
              50.4249766159057
            ]
          ]
        ]
      },
      "properties": {
        "name": "Varsity Park",
        "source": "city_of_regina_gis",
        "objectid": 130,
        "shape__area": 1551659.3828125,
        "shape__length": 6531.97012694183
      }
    },
    {
      "type": "Feature",
      "geometry": {
        "type": "Polygon",
        "coordinates": [
          [
            [
              -104.640935191038,
              50.4114615241981
            ],
            [
              -104.640903363392,
              50.4029392120657
            ],
            [
              -104.640926932462,
              50.3983831633527
            ],
            [
              -104.641079918008,
              50.3984377807201
            ],
            [
              -104.643305621294,
              50.3984389011218
            ],
            [
              -104.643666637387,
              50.3984429114844
            ],
            [
              -104.643840910842,
              50.3984367207665
            ],
            [
              -104.643903147141,
              50.3984331400712
            ],
            [
              -104.643948175899,
              50.398429910954
            ],
            [
              -104.644012639141,
              50.3984224897547
            ],
            [
              -104.644043852289,
              50.3984197884379
            ],
            [
              -104.644118435303,
              50.3984126326927
            ],
            [
              -104.64419284223,
              50.3984045323349
            ],
            [
              -104.644267366894,
              50.3983957218058
            ],
            [
              -104.644341798648,
              50.3983860565655
            ],
            [
              -104.644416391215,
              50.3983756096253
            ],
            [
              -104.644448057006,
              50.3983708496481
            ],
            [
              -104.644460467439,
              50.4038706721379
            ],
            [
              -104.644468201118,
              50.411472382341
            ],
            [
              -104.642902633917,
              50.4114675923603
            ],
            [
              -104.642597263434,
              50.4133770204602
            ],
            [
              -104.642037082107,
              50.4148622646428
            ],
            [
              -104.641645170192,
              50.4153894523876
            ],
            [
              -104.640951765179,
              50.4159010147921
            ],
            [
              -104.640935191038,
              50.4114615241981
            ]
          ]
        ]
      },
      "properties": {
        "name": "Lewvan Park",
        "source": "city_of_regina_gis",
        "objectid": 121,
        "shape__area": 1017345.640625,
        "shape__length": 6739.993805367948
      }
    },
    {
      "type": "Feature",
      "geometry": {
        "type": "Polygon",
        "coordinates": [
          [
            [
              -104.617993350776,
              50.4989104487959
            ],
            [
              -104.618024452141,
              50.4939391733261
            ],
            [
              -104.641154846181,
              50.4939043008739
            ],
            [
              -104.641146490827,
              50.4966174763384
            ],
            [
              -104.641206205084,
              50.506052085527
            ],
            [
              -104.641205924039,
              50.5061020969805
            ],
            [
              -104.640585616597,
              50.5061020709398
            ],
            [
              -104.640587109417,
              50.5063836036217
            ],
            [
              -104.640587015153,
              50.5064870532613
            ],
            [
              -104.64058621506,
              50.5065590151773
            ],
            [
              -104.640584055346,
              50.5066579438011
            ],
            [
              -104.640581249154,
              50.5067433804779
            ],
            [
              -104.640576916397,
              50.5068422834678
            ],
            [
              -104.640571688577,
              50.5069366609984
            ],
            [
              -104.640565043454,
              50.5070355038213
            ],
            [
              -104.640556111887,
              50.5071477845649
            ],
            [
              -104.640548743432,
              50.5072285845926
            ],
            [
              -104.640541070776,
              50.5073048690436
            ],
            [
              -104.640532179727,
              50.5073856005506
            ],
            [
              -104.640522542785,
              50.5074663036363
            ],
            [
              -104.640509674363,
              50.5075648750594
            ],
            [
              -104.640492326094,
              50.5076857540121
            ],
            [
              -104.6404648064,
              50.5078564782356
            ],
            [
              -104.640415741255,
              50.5078531982594
            ],
            [
              -104.640373577013,
              50.5078510175519
            ],
            [
              -104.640338401614,
              50.5078496318433
            ],
            [
              -104.640232735465,
              50.5078473538924
            ],
            [
              -104.640162337276,
              50.507848800881
            ],
            [
              -104.640099042523,
              50.5078509714074
            ],
            [
              -104.640035921193,
              50.5078544445931
            ],
            [
              -104.639980001282,
              50.5078586331455
            ],
            [
              -104.639903480173,
              50.5078660590696
            ],
            [
              -104.639827494835,
              50.5078754118141
            ],
            [
              -104.639724989587,
              50.5078912466179
            ],
            [
              -104.639644068848,
              50.5079064520609
            ],
            [
              -104.639584117196,
              50.5079193100739
            ],
            [
              -104.639505279165,
              50.5079383658913
            ],
            [
              -104.639427821205,
              50.5079595848965
            ],
            [
              -104.639351898404,
              50.5079829121741
            ],
            [
              -104.639277920536,
              50.5080082419403
            ],
            [
              -104.638666300972,
              50.5082286965488
            ],
            [
              -104.638514463882,
              50.5082797480254
            ],
            [
              -104.638358630602,
              50.5083256515021
            ],
            [
              -104.638199255524,
              50.5083663014625
            ],
            [
              -104.638036747838,
              50.5084015726827
            ],
            [
              -104.637807888215,
              50.508441334583
            ],
            [
              -104.637583477765,
              50.5084699287685
            ],
            [
              -104.637311117074,
              50.5084903476802
            ],
            [
              -104.637115505967,
              50.5084947748186
            ],
            [
              -104.636943849775,
              50.5084943926113
            ],
            [
              -104.636772463917,
              50.5084882738461
            ],
            [
              -104.636658582536,
              50.50848102114
            ],
            [
              -104.636488679543,
              50.5084654004532
            ],
            [
              -104.636376229467,
              50.5084518380691
            ],
            [
              -104.636209120249,
              50.5084268359774
            ],
            [
              -104.636044281881,
              50.508396283462
            ],
            [
              -104.635898363647,
              50.5083608702629
            ],
            [
              -104.635792038572,
              50.5083338814165
            ],
            [
              -104.635687241261,
              50.5083045417287
            ],
            [
              -104.635584126245,
              50.5082728867973
            ],
            [
              -104.635482058336,
              50.5082389330561
            ],
            [
              -104.635381925629,
              50.5082027453789
            ],
            [
              -104.635235580394,
              50.508144361845
            ],
            [
              -104.635048290196,
              50.5080591398308
            ],
            [
              -104.631293691554,
              50.5061038935328
            ],
            [
              -104.631252737687,
              50.5061041139887
            ],
            [
              -104.628297759126,
              50.5045622709481
            ],
            [
              -104.62836572194,
              50.5045092475488
            ],
            [
              -104.623995277445,
              50.5020510130495
            ],
            [
              -104.623692132748,
              50.5018715957191
            ],
            [
              -104.623499437812,
              50.5017472534528
            ],
            [
              -104.623296308451,
              50.501607353855
            ],
            [
              -104.623109447572,
              50.5014687928258
            ],
            [
              -104.62290852334,
              50.5013080628981
            ],
            [
              -104.622791674581,
              50.5012056532918
            ],
            [
              -104.622646119688,
              50.5010767160133
            ],
            [
              -104.622517522007,
              50.5009529118772
            ],
            [
              -104.622385354373,
              50.5008170454095
            ],
            [
              -104.622174058048,
              50.5005782176584
            ],
            [
              -104.620780255783,
              50.4989023682993
            ],
            [
              -104.617993350776,
              50.4989104487959
            ]
          ]
        ]
      },
      "properties": {
        "name": "Hawkstone",
        "source": "city_of_regina_gis",
        "objectid": 116,
        "shape__area": 4786441.7265625,
        "shape__length": 9202.746587097396
      }
    },
    {
      "type": "Feature",
      "geometry": {
        "type": "Polygon",
        "coordinates": [
          [
            [
              -104.595074458575,
              50.4916131141441
            ],
            [
              -104.602647561175,
              50.4916392201615
            ],
            [
              -104.606161219125,
              50.4916511674937
            ],
            [
              -104.606213242791,
              50.4869876737501
            ],
            [
              -104.610049506633,
              50.4870266730631
            ],
            [
              -104.612914362984,
              50.4870052568535
            ],
            [
              -104.61808332513,
              50.4868172223519
            ],
            [
              -104.618024452141,
              50.4939391733261
            ],
            [
              -104.617993350776,
              50.4989104487959
            ],
            [
              -104.614733519746,
              50.4989193951286
            ],
            [
              -104.598244480255,
              50.4989518145813
            ],
            [
              -104.596778943337,
              50.4978770211112
            ],
            [
              -104.596088672506,
              50.4972276940497
            ],
            [
              -104.595179191278,
              50.4958611751938
            ],
            [
              -104.59503654456,
              50.4945918867518
            ],
            [
              -104.595060652369,
              50.4917792407332
            ],
            [
              -104.595074458575,
              50.4916131141441
            ]
          ]
        ]
      },
      "properties": {
        "name": "Uplands",
        "source": "city_of_regina_gis",
        "objectid": 131,
        "shape__area": 4260137.71875,
        "shape__length": 9076.955004085228
      }
    },
    {
      "type": "Feature",
      "geometry": {
        "type": "Polygon",
        "coordinates": [
          [
            [
              -104.686736305796,
              50.4551819026019
            ],
            [
              -104.687002442002,
              50.4432548252693
            ],
            [
              -104.698288355983,
              50.4421341422873
            ],
            [
              -104.698289781161,
              50.4433943899135
            ],
            [
              -104.703934360422,
              50.4433931024664
            ],
            [
              -104.703934876109,
              50.4443016222761
            ],
            [
              -104.705930148061,
              50.4443010893281
            ],
            [
              -104.705930566096,
              50.4444809148463
            ],
            [
              -104.705860294683,
              50.444527189525
            ],
            [
              -104.705863003414,
              50.4452012570777
            ],
            [
              -104.707625088535,
              50.4451984009237
            ],
            [
              -104.707627257819,
              50.4459173469107
            ],
            [
              -104.709387797738,
              50.4459144656315
            ],
            [
              -104.710032025839,
              50.4459148896709
            ],
            [
              -104.710041380183,
              50.4478026622141
            ],
            [
              -104.710053049956,
              50.4548956208698
            ],
            [
              -104.710043022138,
              50.455128071572
            ],
            [
              -104.688218453026,
              50.4551924959398
            ],
            [
              -104.686736305796,
              50.4551819026019
            ]
          ]
        ]
      },
      "properties": {
        "name": "Westerra",
        "source": "city_of_regina_gis",
        "objectid": 36,
        "shape__area": 5247161.984375,
        "shape__length": 9541.700915915906
      }
    },
    {
      "type": "Feature",
      "geometry": {
        "type": "Polygon",
        "coordinates": [
          [
            [
              -104.778613862696,
              50.4553060075467
            ],
            [
              -104.778613223172,
              50.4624232363228
            ],
            [
              -104.778611396778,
              50.4689719656368
            ],
            [
              -104.767015399192,
              50.4689632242368
            ],
            [
              -104.767015634544,
              50.4693744026568
            ],
            [
              -104.755703578895,
              50.4693650830066
            ],
            [
              -104.755703990876,
              50.4696406388508
            ],
            [
              -104.755888022524,
              50.4696407562441
            ],
            [
              -104.7558704107,
              50.4752820445931
            ],
            [
              -104.755685612756,
              50.4752896618568
            ],
            [
              -104.755656673131,
              50.4841051975688
            ],
            [
              -104.75565435165,
              50.4842861391586
            ],
            [
              -104.744276188351,
              50.4842805486015
            ],
            [
              -104.732654060085,
              50.4842746800606
            ],
            [
              -104.721378751271,
              50.4843037081829
            ],
            [
              -104.721208270039,
              50.4987991386178
            ],
            [
              -104.721189957453,
              50.5134725345142
            ],
            [
              -104.709880748537,
              50.5134965609924
            ],
            [
              -104.709879419831,
              50.5134616694487
            ],
            [
              -104.709984268599,
              50.48436559243
            ],
            [
              -104.709889248611,
              50.4780311052549
            ],
            [
              -104.7098827104,
              50.469302989443
            ],
            [
              -104.709872245659,
              50.4553451094856
            ],
            [
              -104.7220790576,
              50.4553510276507
            ],
            [
              -104.722078674327,
              50.455224040338
            ],
            [
              -104.728907437692,
              50.4552285588704
            ],
            [
              -104.728907113837,
              50.4553592317793
            ],
            [
              -104.732568152079,
              50.4553560359274
            ],
            [
              -104.778613862696,
              50.4553060075467
            ]
          ]
        ]
      },
      "properties": {
        "name": "UNDEVELOP",
        "source": "city_of_regina_gis",
        "objectid": 132,
        "shape__area": 38450873.9609375,
        "shape__length": 35711.99984513853
      }
    },
    {
      "type": "Feature",
      "geometry": {
        "type": "Polygon",
        "coordinates": [
          [
            [
              -104.732557653284,
              50.4406575601751
            ],
            [
              -104.721180108751,
              50.4405673292061
            ],
            [
              -104.721216106689,
              50.4538137976925
            ],
            [
              -104.721236462845,
              50.4540710446915
            ],
            [
              -104.721357759018,
              50.4543599982343
            ],
            [
              -104.721624490994,
              50.454635914949
            ],
            [
              -104.721960827774,
              50.4548530523034
            ],
            [
              -104.722268329286,
              50.454999657994
            ],
            [
              -104.72078992133,
              50.4549987331644
            ],
            [
              -104.72078976866,
              50.454904932201
            ],
            [
              -104.720756610724,
              50.4426840067044
            ],
            [
              -104.720751891521,
              50.442577242094
            ],
            [
              -104.720734199514,
              50.4424494019712
            ],
            [
              -104.720715126024,
              50.4423647271404
            ],
            [
              -104.720675734318,
              50.4422389036186
            ],
            [
              -104.720623376306,
              50.4421149371322
            ],
            [
              -104.720558610217,
              50.4419934597643
            ],
            [
              -104.720481433416,
              50.4418750097243
            ],
            [
              -104.720392125095,
              50.4417600379753
            ],
            [
              -104.720291386467,
              50.4416489962759
            ],
            [
              -104.720179491768,
              50.4415424261544
            ],
            [
              -104.720056726029,
              50.4414407753437
            ],
            [
              -104.719877497513,
              50.4413136282262
            ],
            [
              -104.71968145016,
              50.4411969616452
            ],
            [
              -104.719470267073,
              50.4410916807112
            ],
            [
              -104.71930296253,
              50.4410206793232
            ],
            [
              -104.71906912012,
              50.4409371968603
            ],
            [
              -104.71888664643,
              50.4408833357663
            ],
            [
              -104.718635624525,
              50.4408236438397
            ],
            [
              -104.71844262183,
              50.4407881028153
            ],
            [
              -104.718180186644,
              50.4407534734851
            ],
            [
              -104.717948634967,
              50.4407353760342
            ],
            [
              -104.709859465089,
              50.4415389480726
            ],
            [
              -104.709859053209,
              50.4409841447121
            ],
            [
              -104.73277579921,
              50.4387059797105
            ],
            [
              -104.744075104451,
              50.437556492942
            ],
            [
              -104.744448738579,
              50.4375292727458
            ],
            [
              -104.766975815228,
              50.4352587965305
            ],
            [
              -104.778561754814,
              50.434091044756
            ],
            [
              -104.778553501831,
              50.4405461044053
            ],
            [
              -104.74401499772,
              50.4406401461121
            ],
            [
              -104.744004835754,
              50.4381225419183
            ],
            [
              -104.732556718349,
              50.4393493566326
            ],
            [
              -104.732557653284,
              50.4406575601751
            ]
          ]
        ]
      },
      "properties": {
        "name": "Railways",
        "source": "city_of_regina_gis",
        "objectid": 31,
        "shape__area": 3906658.90625,
        "shape__length": 22342.12673390808
      }
    },
    {
      "type": "Feature",
      "geometry": {
        "type": "Polygon",
        "coordinates": [
          [
            [
              -104.778613862696,
              50.4553060075467
            ],
            [
              -104.732568152079,
              50.4553560359274
            ],
            [
              -104.732557654411,
              50.4406591195591
            ],
            [
              -104.732561685904,
              50.4406575919623
            ],
            [
              -104.74401499772,
              50.4406401461121
            ],
            [
              -104.778553501831,
              50.4405461044053
            ],
            [
              -104.778766148193,
              50.4405462028018
            ],
            [
              -104.778795730004,
              50.4477768864119
            ],
            [
              -104.778823360162,
              50.4548924153035
            ],
            [
              -104.778613395904,
              50.4548924032365
            ],
            [
              -104.778613862696,
              50.4553060075467
            ]
          ]
        ]
      },
      "properties": {
        "name": "Global Transportation Hub",
        "source": "city_of_regina_gis",
        "objectid": 67,
        "shape__area": 13245966.703125,
        "shape__length": 15442.718305037737
      }
    },
    {
      "type": "Feature",
      "geometry": {
        "type": "Polygon",
        "coordinates": [
          [
            [
              -104.533066267279,
              50.440594972622
            ],
            [
              -104.533011863408,
              50.4401233327776
            ],
            [
              -104.533018830343,
              50.4394169643851
            ],
            [
              -104.533291131739,
              50.4385098340399
            ],
            [
              -104.534142770758,
              50.4376050271252
            ],
            [
              -104.535630999039,
              50.4362318237064
            ],
            [
              -104.536429227576,
              50.4353940624217
            ],
            [
              -104.536802821483,
              50.4348909817454
            ],
            [
              -104.537126044673,
              50.4341522329715
            ],
            [
              -104.537291924806,
              50.4333455841802
            ],
            [
              -104.537318889235,
              50.4326893323461
            ],
            [
              -104.539062021509,
              50.4326885487906
            ],
            [
              -104.539104443617,
              50.4326887628727
            ],
            [
              -104.539146853476,
              50.4326894497296
            ],
            [
              -104.539189238474,
              50.4326906090238
            ],
            [
              -104.539231584644,
              50.4326922409875
            ],
            [
              -104.539273880283,
              50.4326943444235
            ],
            [
              -104.539316111878,
              50.4326969189905
            ],
            [
              -104.539358266371,
              50.4326999640613
            ],
            [
              -104.539400331609,
              50.4327034784367
            ],
            [
              -104.539442294533,
              50.4327074614895
            ],
            [
              -104.539484141644,
              50.4327119114396
            ],
            [
              -104.539525861241,
              50.4327168270898
            ],
            [
              -104.539567440269,
              50.4327222072373
            ],
            [
              -104.539608865684,
              50.4327280498162
            ],
            [
              -104.539650125335,
              50.4327343533396
            ],
            [
              -104.539691206174,
              50.4327411160293
            ],
            [
              -104.539732096064,
              50.4327483352474
            ],
            [
              -104.539772782853,
              50.432756009507
            ],
            [
              -104.539813253051,
              50.432764136165
            ],
            [
              -104.539853495875,
              50.4327727123009
            ],
            [
              -104.539893497826,
              50.432781736135
            ],
            [
              -104.539933246772,
              50.432791204166
            ],
            [
              -104.539972731474,
              50.4328011140474
            ],
            [
              -104.540011939347,
              50.4328114625641
            ],
            [
              -104.540050858258,
              50.4328222465027
            ],
            [
              -104.540089476525,
              50.4328334626515
            ],
            [
              -104.540127782918,
              50.4328451075131
            ],
            [
              -104.540165764855,
              50.4328571775845
            ],
            [
              -104.540204569777,
              50.4328700618875
            ],
            [
              -104.540810287934,
              50.4330753608849
            ],
            [
              -104.540822414723,
              50.433078798904
            ],
            [
              -104.540832904971,
              50.4330810323946
            ],
            [
              -104.540843660479,
              50.4330826735081
            ],
            [
              -104.540856800918,
              50.4330838434221
            ],
            [
              -104.540872272529,
              50.4330840909566
            ],
            [
              -104.540881097706,
              50.433083690639
            ],
            [
              -104.54088985729,
              50.4330828978043
            ],
            [
              -104.540898509339,
              50.4330817166039
            ],
            [
              -104.540907011441,
              50.433080152914
            ],
            [
              -104.540915321622,
              50.4330782140517
            ],
            [
              -104.540923400136,
              50.4330759099328
            ],
            [
              -104.540936861737,
              50.4330710326243
            ],
            [
              -104.540944103187,
              50.4330677861432
            ],
            [
              -104.540950972804,
              50.4330642247915
            ],
            [
              -104.540957436626,
              50.4330603662784
            ],
            [
              -104.540963462931,
              50.4330562291851
            ],
            [
              -104.54096902314,
              50.4330518335442
            ],
            [
              -104.540974090011,
              50.4330472008326
            ],
            [
              -104.540981695554,
              50.4330385916694
            ],
            [
              -104.540987602133,
              50.433029454904
            ],
            [
              -104.541060212272,
              50.4328870211073
            ],
            [
              -104.541305141836,
              50.4329378107786
            ],
            [
              -104.544464329034,
              50.4340106428061
            ],
            [
              -104.54545735838,
              50.4328163305342
            ],
            [
              -104.545706894284,
              50.432901124396
            ],
            [
              -104.54586904156,
              50.4329543463189
            ],
            [
              -104.545973660918,
              50.4329868140754
            ],
            [
              -104.546079151756,
              50.4330181109543
            ],
            [
              -104.546185481724,
              50.4330482267546
            ],
            [
              -104.546292618458,
              50.4330771527141
            ],
            [
              -104.546400529147,
              50.4331048797811
            ],
            [
              -104.54650918142,
              50.4331313997693
            ],
            [
              -104.546618542009,
              50.4331567042011
            ],
            [
              -104.546728577184,
              50.4331807857484
            ],
            [
              -104.546839254115,
              50.4332036370866
            ],
            [
              -104.546950538621,
              50.4332252508863
            ],
            [
              -104.547062396962,
              50.4332456206829
            ],
            [
              -104.547174794945,
              50.4332647405859
            ],
            [
              -104.547287697921,
              50.4332826047032
            ],
            [
              -104.547401072596,
              50.4332992071481
            ],
            [
              -104.547514883412,
              50.4333145431763
            ],
            [
              -104.547629095711,
              50.4333286080471
            ],
            [
              -104.547743675277,
              50.4333413978852
            ],
            [
              -104.547858587453,
              50.4333529079502
            ],
            [
              -104.547973796209,
              50.433363135511
            ],
            [
              -104.549711447185,
              50.4333643741289
            ],
            [
              -104.550240075696,
              50.4333647436153
            ],
            [
              -104.550235255443,
              50.4333712592521
            ],
            [
              -104.550059400256,
              50.4335611584295
            ],
            [
              -104.550056738286,
              50.4338417230523
            ],
            [
              -104.549931714526,
              50.4339153534869
            ],
            [
              -104.549889018185,
              50.4340475350951
            ],
            [
              -104.549772984679,
              50.4340470859159
            ],
            [
              -104.549697839051,
              50.4341050273926
            ],
            [
              -104.549688294127,
              50.4342373372077
            ],
            [
              -104.549771125199,
              50.4342429516157
            ],
            [
              -104.549785188527,
              50.4345076992346
            ],
            [
              -104.549702306778,
              50.4345073782463
            ],
            [
              -104.549737364157,
              50.4351798350845
            ],
            [
              -104.549610425017,
              50.4354546242092
            ],
            [
              -104.549298572795,
              50.4354490846703
            ],
            [
              -104.549249260178,
              50.4407005291534
            ],
            [
              -104.545578702974,
              50.4406009057893
            ],
            [
              -104.540440923017,
              50.4405953429679
            ],
            [
              -104.540187722904,
              50.4405946121359
            ],
            [
              -104.537794953548,
              50.4405919618602
            ],
            [
              -104.537793241628,
              50.4418057937312
            ],
            [
              -104.537109096568,
              50.441804782409
            ],
            [
              -104.537110671983,
              50.4412836202807
            ],
            [
              -104.533619143951,
              50.4412783945707
            ],
            [
              -104.533049956861,
              50.4411943144468
            ],
            [
              -104.533066267279,
              50.440594972622
            ]
          ]
        ]
      },
      "properties": {
        "name": "Wood Meadows",
        "source": "city_of_regina_gis",
        "objectid": 71,
        "shape__area": 2161343.1484375,
        "shape__length": 6748.693383835132
      }
    },
    {
      "type": "Feature",
      "geometry": {
        "type": "Polygon",
        "coordinates": [
          [
            [
              -104.598244480255,
              50.4989518145813
            ],
            [
              -104.608527133991,
              50.5041729615838
            ],
            [
              -104.608103747415,
              50.5045355468173
            ],
            [
              -104.607706658631,
              50.5049781189049
            ],
            [
              -104.607430934394,
              50.5053824981956
            ],
            [
              -104.607215251461,
              50.5058449805382
            ],
            [
              -104.607151664439,
              50.5061801193673
            ],
            [
              -104.594983365817,
              50.5061823470897
            ],
            [
              -104.594984401316,
              50.4989322103365
            ],
            [
              -104.59503654456,
              50.4945918867518
            ],
            [
              -104.595179191278,
              50.4958611751938
            ],
            [
              -104.596088672506,
              50.4972276940497
            ],
            [
              -104.596778943337,
              50.4978770211112
            ],
            [
              -104.598244480255,
              50.4989518145813
            ]
          ]
        ]
      },
      "properties": {
        "name": "Somerset",
        "source": "city_of_regina_gis",
        "objectid": 75,
        "shape__area": 1439921.3359375,
        "shape__length": 6105.135358771647
      }
    },
    {
      "type": "Feature",
      "geometry": {
        "type": "Polygon",
        "coordinates": [
          [
            [
              -104.618070179171,
              50.462800042594
            ],
            [
              -104.629740559152,
              50.4629516945523
            ],
            [
              -104.629785017373,
              50.4694209745046
            ],
            [
              -104.628980756444,
              50.4694184055216
            ],
            [
              -104.6180851439,
              50.4693831258363
            ],
            [
              -104.618070179171,
              50.462800042594
            ]
          ]
        ]
      },
      "properties": {
        "name": "Washington Park",
        "source": "city_of_regina_gis",
        "objectid": 79,
        "shape__area": 1484562.09375,
        "shape__length": 4884.510734073565
      }
    },
    {
      "type": "Feature",
      "geometry": {
        "type": "Polygon",
        "coordinates": [
          [
            [
              -104.53273230836,
              50.455119123919
            ],
            [
              -104.53752980302,
              50.4551334728694
            ],
            [
              -104.537790290286,
              50.4551342271031
            ],
            [
              -104.537628891143,
              50.4594876862004
            ],
            [
              -104.541567236103,
              50.4595032710436
            ],
            [
              -104.541525312355,
              50.4634931417402
            ],
            [
              -104.542141107907,
              50.4647403855075
            ],
            [
              -104.526233307995,
              50.4676313311244
            ],
            [
              -104.526225800894,
              50.4606749490801
            ],
            [
              -104.532377910887,
              50.4607897423061
            ],
            [
              -104.532469436494,
              50.4607648064854
            ],
            [
              -104.532468889461,
              50.4599228567998
            ],
            [
              -104.53260145079,
              50.4598381315676
            ],
            [
              -104.532600920211,
              50.4591057916066
            ],
            [
              -104.532812731084,
              50.4585985116857
            ],
            [
              -104.532757975946,
              50.458422109927
            ],
            [
              -104.532593176519,
              50.4582762938917
            ],
            [
              -104.532408940951,
              50.4582014479496
            ],
            [
              -104.532233471947,
              50.4584661387188
            ],
            [
              -104.532216186195,
              50.4584620462442
            ],
            [
              -104.532198407534,
              50.4584589311307
            ],
            [
              -104.532180270971,
              50.4584568172317
            ],
            [
              -104.532161915201,
              50.4584557203575
            ],
            [
              -104.531939558978,
              50.4584557832116
            ],
            [
              -104.531673884992,
              50.4584105561385
            ],
            [
              -104.531618476763,
              50.4584006202926
            ],
            [
              -104.531752627904,
              50.4581118420639
            ],
            [
              -104.53172440065,
              50.4577890444969
            ],
            [
              -104.531742740226,
              50.4577878733123
            ],
            [
              -104.531760850448,
              50.4577856864589
            ],
            [
              -104.531771548673,
              50.4577838931203
            ],
            [
              -104.531782085405,
              50.457781744863
            ],
            [
              -104.531799209002,
              50.4577773918775
            ],
            [
              -104.531815673288,
              50.4577721029382
            ],
            [
              -104.531831352993,
              50.4577659181197
            ],
            [
              -104.531840334079,
              50.4577617962755
            ],
            [
              -104.531869913147,
              50.457747151981
            ],
            [
              -104.532100518601,
              50.4580055903961
            ],
            [
              -104.533556487716,
              50.4574761480278
            ],
            [
              -104.533883079986,
              50.4566838772367
            ],
            [
              -104.533559396837,
              50.456321314233
            ],
            [
              -104.533652632579,
              50.4561517123144
            ],
            [
              -104.53273230836,
              50.455119123919
            ]
          ]
        ]
      },
      "properties": {
        "name": "Parkridge",
        "source": "city_of_regina_gis",
        "objectid": 80,
        "shape__area": 2264960.8046875,
        "shape__length": 7860.039757251139
      }
    },
    {
      "type": "Feature",
      "geometry": {
        "type": "Polygon",
        "coordinates": [
          [
            [
              -104.542141107907,
              50.4647403855075
            ],
            [
              -104.541525312355,
              50.4634931417402
            ],
            [
              -104.541567236103,
              50.4595032710436
            ],
            [
              -104.537628891143,
              50.4594876862004
            ],
            [
              -104.537790290286,
              50.4551342271031
            ],
            [
              -104.537734688011,
              50.4486413669863
            ],
            [
              -104.539362442825,
              50.4486626758896
            ],
            [
              -104.539390745759,
              50.4486809727356
            ],
            [
              -104.549287483148,
              50.4487374371184
            ],
            [
              -104.549276925937,
              50.4498450815747
            ],
            [
              -104.54896901647,
              50.450797913181
            ],
            [
              -104.548779177924,
              50.4519038515395
            ],
            [
              -104.548926023372,
              50.4634613854985
            ],
            [
              -104.542141107907,
              50.4647403855075
            ]
          ]
        ]
      },
      "properties": {
        "name": "Glencairn Village",
        "source": "city_of_regina_gis",
        "objectid": 81,
        "shape__area": 3005819.0078125,
        "shape__length": 7915.687682000441
      }
    },
    {
      "type": "Feature",
      "geometry": {
        "type": "Polygon",
        "coordinates": [
          [
            [
              -104.572304112705,
              50.4551094137393
            ],
            [
              -104.57230161753,
              50.4595400209969
            ],
            [
              -104.560511621689,
              50.4616438009234
            ],
            [
              -104.560574365363,
              50.4551678687148
            ],
            [
              -104.572304112705,
              50.4551094137393
            ]
          ]
        ]
      },
      "properties": {
        "name": "Rothwell Place",
        "source": "city_of_regina_gis",
        "objectid": 82,
        "shape__area": 1247574.0859375,
        "shape__length": 4575.896389016376
      }
    },
    {
      "type": "Feature",
      "geometry": {
        "type": "Polygon",
        "coordinates": [
          [
            [
              -104.549287483148,
              50.4487374371184
            ],
            [
              -104.549291351002,
              50.4483316484883
            ],
            [
              -104.552168248996,
              50.4483303275462
            ],
            [
              -104.552169151097,
              50.4474643658783
            ],
            [
              -104.555801580185,
              50.4474625462604
            ],
            [
              -104.555801852611,
              50.447643494684
            ],
            [
              -104.555789273434,
              50.4482965640807
            ],
            [
              -104.557930963866,
              50.4483047230722
            ],
            [
              -104.557930985613,
              50.4483276403705
            ],
            [
              -104.55810268142,
              50.448327573272
            ],
            [
              -104.558102784442,
              50.4484372043009
            ],
            [
              -104.557931087788,
              50.4484372713968
            ],
            [
              -104.557931498357,
              50.4487852305922
            ],
            [
              -104.560071406802,
              50.4487842576084
            ],
            [
              -104.560086611566,
              50.4493275179247
            ],
            [
              -104.559936345584,
              50.4493269486554
            ],
            [
              -104.559926624692,
              50.4503724272284
            ],
            [
              -104.560659979144,
              50.4503802870335
            ],
            [
              -104.560574365363,
              50.4551678687148
            ],
            [
              -104.560511621689,
              50.4616438009234
            ],
            [
              -104.548926023372,
              50.4634613854985
            ],
            [
              -104.548779177924,
              50.4519038515395
            ],
            [
              -104.54896901647,
              50.450797913181
            ],
            [
              -104.549276925937,
              50.4498450815747
            ],
            [
              -104.549287483148,
              50.4487374371184
            ]
          ]
        ]
      },
      "properties": {
        "name": "Glencairn",
        "source": "city_of_regina_gis",
        "objectid": 83,
        "shape__area": 3247845.1015625,
        "shape__length": 7944.643316482472
      }
    },
    {
      "type": "Feature",
      "geometry": {
        "type": "Polygon",
        "coordinates": [
          [
            [
              -104.600577989048,
              50.48071340775
            ],
            [
              -104.595133865723,
              50.4806945915989
            ],
            [
              -104.595231372953,
              50.4693059739252
            ],
            [
              -104.60659410632,
              50.4693448896902
            ],
            [
              -104.606530203867,
              50.4770271631143
            ],
            [
              -104.602035904433,
              50.4770381353455
            ],
            [
              -104.602020334545,
              50.4788901660504
            ],
            [
              -104.600569261702,
              50.4788689521123
            ],
            [
              -104.600577989048,
              50.48071340775
            ]
          ]
        ]
      },
      "properties": {
        "name": "North Annex",
        "source": "city_of_regina_gis",
        "objectid": 85,
        "shape__area": 2145452.25,
        "shape__length": 6515.287263085437
      }
    },
    {
      "type": "Feature",
      "geometry": {
        "type": "Polygon",
        "coordinates": [
          [
            [
              -104.732557653284,
              50.4406575601751
            ],
            [
              -104.732557654411,
              50.4406591195591
            ],
            [
              -104.732568152079,
              50.4553560359274
            ],
            [
              -104.728907113837,
              50.4553592317793
            ],
            [
              -104.728907437692,
              50.4552285588704
            ],
            [
              -104.722078674327,
              50.455224040338
            ],
            [
              -104.7220790576,
              50.4553510276507
            ],
            [
              -104.709872245659,
              50.4553451094856
            ],
            [
              -104.7098827104,
              50.469302989443
            ],
            [
              -104.687047721337,
              50.4693292203077
            ],
            [
              -104.687027485933,
              50.4617509690257
            ],
            [
              -104.688263752962,
              50.4617500690515
            ],
            [
              -104.688218453026,
              50.4551924959398
            ],
            [
              -104.710043022138,
              50.455128071572
            ],
            [
              -104.710053049956,
              50.4548956208698
            ],
            [
              -104.72078976866,
              50.454904932201
            ],
            [
              -104.72078992133,
              50.4549987331644
            ],
            [
              -104.722268329286,
              50.454999657994
            ],
            [
              -104.721960827774,
              50.4548530523034
            ],
            [
              -104.721624490994,
              50.454635914949
            ],
            [
              -104.721357759018,
              50.4543599982343
            ],
            [
              -104.721236462845,
              50.4540710446915
            ],
            [
              -104.721216106689,
              50.4538137976925
            ],
            [
              -104.721180108751,
              50.4405673292061
            ],
            [
              -104.732557653284,
              50.4406575601751
            ]
          ]
        ]
      },
      "properties": {
        "name": "West Industrial Lands",
        "source": "city_of_regina_gis",
        "objectid": 32,
        "shape__area": 9472552.703125,
        "shape__length": 20412.253812336057
      }
    },
    {
      "type": "Feature",
      "geometry": {
        "type": "Polygon",
        "coordinates": [
          [
            [
              -104.595074458575,
              50.4916131141441
            ],
            [
              -104.595103168931,
              50.4842806266334
            ],
            [
              -104.606469931066,
              50.4842757837899
            ],
            [
              -104.61804662514,
              50.4842865934741
            ],
            [
              -104.61808332513,
              50.4868172223519
            ],
            [
              -104.612914362984,
              50.4870052568535
            ],
            [
              -104.610049506633,
              50.4870266730631
            ],
            [
              -104.606213242791,
              50.4869876737501
            ],
            [
              -104.602700996701,
              50.486851338303
            ],
            [
              -104.602647561175,
              50.4916392201615
            ],
            [
              -104.595074458575,
              50.4916131141441
            ]
          ]
        ]
      },
      "properties": {
        "name": "Mount Pleasant",
        "source": "city_of_regina_gis",
        "objectid": 107,
        "shape__area": 1887763.84375,
        "shape__length": 7674.646753137959
      }
    },
    {
      "type": "Feature",
      "geometry": {
        "type": "Polygon",
        "coordinates": [
          [
            [
              -104.664055406713,
              50.4957716507669
            ],
            [
              -104.664350369139,
              50.4957697126541
            ],
            [
              -104.665107853144,
              50.4957085542282
            ],
            [
              -104.667056203022,
              50.4956876906724
            ],
            [
              -104.669107817171,
              50.4957199773765
            ],
            [
              -104.670332353829,
              50.4954722563931
            ],
            [
              -104.67222172302,
              50.4949884232467
            ],
            [
              -104.673217613632,
              50.4948325738352
            ],
            [
              -104.675893952127,
              50.4948400575111
            ],
            [
              -104.675895874637,
              50.4988299653995
            ],
            [
              -104.675899597067,
              50.506020261635
            ],
            [
              -104.663963118361,
              50.5060508032693
            ],
            [
              -104.664055406713,
              50.4957716507669
            ]
          ]
        ]
      },
      "properties": {
        "name": "Lakewood",
        "source": "city_of_regina_gis",
        "objectid": 15,
        "shape__area": 2472669.6171875,
        "shape__length": 6429.515080179456
      }
    },
    {
      "type": "Feature",
      "geometry": {
        "type": "Polygon",
        "coordinates": [
          [
            [
              -104.652504865884,
              50.4629122712061
            ],
            [
              -104.652481468571,
              50.4598897978557
            ],
            [
              -104.653276840083,
              50.4599005432508
            ],
            [
              -104.653288012265,
              50.4583781352439
            ],
            [
              -104.653453231962,
              50.4583873251356
            ],
            [
              -104.655354774716,
              50.4583902267399
            ],
            [
              -104.663901455917,
              50.4584028727253
            ],
            [
              -104.664104999696,
              50.4584936939248
            ],
            [
              -104.664073315026,
              50.4629485735322
            ],
            [
              -104.6526266695,
              50.4629149368215
            ],
            [
              -104.652504865884,
              50.4629122712061
            ]
          ]
        ]
      },
      "properties": {
        "name": "Rosemont South",
        "source": "city_of_regina_gis",
        "objectid": 4,
        "shape__area": 1000797.7890625,
        "shape__length": 4159.349384608328
      }
    },
    {
      "type": "Feature",
      "geometry": {
        "type": "Polygon",
        "coordinates": [
          [
            [
              -104.595187688718,
              50.4519261365894
            ],
            [
              -104.595188147449,
              50.4547943211369
            ],
            [
              -104.593903112136,
              50.4551535311421
            ],
            [
              -104.583792750564,
              50.4551333424723
            ],
            [
              -104.583792873026,
              50.4533694739387
            ],
            [
              -104.584414942876,
              50.4533686518897
            ],
            [
              -104.58440536956,
              50.4504476980511
            ],
            [
              -104.583783760324,
              50.4504485233801
            ],
            [
              -104.583775510242,
              50.4478258845867
            ],
            [
              -104.584542602298,
              50.447825892205
            ],
            [
              -104.584117481175,
              50.4476214748277
            ],
            [
              -104.583150080307,
              50.4471546686479
            ],
            [
              -104.583854927673,
              50.4471550351408
            ],
            [
              -104.584193109127,
              50.4473175001321
            ],
            [
              -104.584754349432,
              50.4474858368563
            ],
            [
              -104.585461469086,
              50.4475588537335
            ],
            [
              -104.586077652569,
              50.447635687064
            ],
            [
              -104.586604160732,
              50.4478303957951
            ],
            [
              -104.589396694697,
              50.4491575631067
            ],
            [
              -104.595187688718,
              50.4519261365894
            ]
          ]
        ]
      },
      "properties": {
        "name": "Dewdney Place",
        "source": "city_of_regina_gis",
        "objectid": 127,
        "shape__area": 1258246.0625,
        "shape__length": 5085.128599692595
      }
    },
    {
      "type": "Feature",
      "geometry": {
        "type": "Polygon",
        "coordinates": [
          [
            [
              -104.583602360433,
              50.4621662528383
            ],
            [
              -104.583627483613,
              50.4575178757864
            ],
            [
              -104.595188252613,
              50.4554525129225
            ],
            [
              -104.595189357336,
              50.4622228808635
            ],
            [
              -104.583602360433,
              50.4621662528383
            ]
          ]
        ]
      },
      "properties": {
        "name": "Eastern Annex",
        "source": "city_of_regina_gis",
        "objectid": 73,
        "shape__area": 1286013.796875,
        "shape__length": 4623.20976108196
      }
    },
    {
      "type": "Feature",
      "geometry": {
        "type": "Polygon",
        "coordinates": [
          [
            [
              -104.595017743754,
              50.4334660321628
            ],
            [
              -104.585363313042,
              50.4334445206914
            ],
            [
              -104.584985347867,
              50.4332883724191
            ],
            [
              -104.584444801634,
              50.4332034545545
            ],
            [
              -104.583864341799,
              50.4331958704462
            ],
            [
              -104.583928045468,
              50.4259431286624
            ],
            [
              -104.587773624086,
              50.4259312011088
            ],
            [
              -104.587854268429,
              50.4270323674576
            ],
            [
              -104.587180633046,
              50.4274589003299
            ],
            [
              -104.585830001578,
              50.4280075349726
            ],
            [
              -104.585635378952,
              50.4283748927366
            ],
            [
              -104.585723051269,
              50.4292939620283
            ],
            [
              -104.585525711866,
              50.429971251361
            ],
            [
              -104.584750852605,
              50.4303365240516
            ],
            [
              -104.584555677003,
              50.4307647589586
            ],
            [
              -104.584550289894,
              50.4313790872566
            ],
            [
              -104.585023457286,
              50.4319951357767
            ],
            [
              -104.585724226731,
              50.4323296182611
            ],
            [
              -104.586331377347,
              50.4325325322355
            ],
            [
              -104.587214291362,
              50.4326486057687
            ],
            [
              -104.58852922903,
              50.4327787593468
            ],
            [
              -104.591142406524,
              50.4327002173585
            ],
            [
              -104.592879958537,
              50.4316524632083
            ],
            [
              -104.593764476668,
              50.4315802799992
            ],
            [
              -104.59462913646,
              50.4315331132649
            ],
            [
              -104.59472734415,
              50.4315334556373
            ],
            [
              -104.595041399192,
              50.4314843159226
            ],
            [
              -104.595057027339,
              50.433466117361
            ],
            [
              -104.595017743754,
              50.4334660321628
            ]
          ]
        ]
      },
      "properties": {
        "name": "Douglas Park",
        "source": "city_of_regina_gis",
        "objectid": 87,
        "shape__area": 491837.3515625,
        "shape__length": 5758.533406281468
      }
    },
    {
      "type": "Feature",
      "geometry": {
        "type": "Polygon",
        "coordinates": [
          [
            [
              -104.631147336701,
              50.4316481696471
            ],
            [
              -104.630439382137,
              50.431626864529
            ],
            [
              -104.630479553289,
              50.4321499928485
            ],
            [
              -104.62972707425,
              50.4321617215275
            ],
            [
              -104.629728060678,
              50.4348615015039
            ],
            [
              -104.631144258259,
              50.4348801590068
            ],
            [
              -104.631152884719,
              50.4354098355891
            ],
            [
              -104.631159222131,
              50.435798968214
            ],
            [
              -104.63100232434,
              50.4360528939601
            ],
            [
              -104.630668932674,
              50.4362355836194
            ],
            [
              -104.630911043313,
              50.4364059726948
            ],
            [
              -104.631130254547,
              50.4366752328736
            ],
            [
              -104.631172642571,
              50.4369156587612
            ],
            [
              -104.631178492033,
              50.4386653343357
            ],
            [
              -104.631180793099,
              50.4393536514669
            ],
            [
              -104.630855644121,
              50.4394829540702
            ],
            [
              -104.630225991222,
              50.4396147676513
            ],
            [
              -104.629087458963,
              50.4397449488876
            ],
            [
              -104.628428764333,
              50.4397619564122
            ],
            [
              -104.628130479431,
              50.43962717999
            ],
            [
              -104.627983522283,
              50.4392825981004
            ],
            [
              -104.628410561384,
              50.43827075606
            ],
            [
              -104.62838453876,
              50.4377736249866
            ],
            [
              -104.628119662039,
              50.4371992586067
            ],
            [
              -104.627739286245,
              50.4360892377667
            ],
            [
              -104.627472920509,
              50.4357060358428
            ],
            [
              -104.626787229176,
              50.4353597164828
            ],
            [
              -104.62541147791,
              50.4352214526959
            ],
            [
              -104.624512180484,
              50.4353906007587
            ],
            [
              -104.623613792477,
              50.4354450418172
            ],
            [
              -104.622805043125,
              50.4355188835111
            ],
            [
              -104.62226491024,
              50.4356891819051
            ],
            [
              -104.620947479562,
              50.4357422367699
            ],
            [
              -104.619032496668,
              50.4356594950559
            ],
            [
              -104.618118077798,
              50.4357272383742
            ],
            [
              -104.618083034319,
              50.4234601510026
            ],
            [
              -104.618083213054,
              50.4233989409905
            ],
            [
              -104.621088068847,
              50.4234199603809
            ],
            [
              -104.621036457131,
              50.426696012405
            ],
            [
              -104.623912837061,
              50.4267414143552
            ],
            [
              -104.623999737975,
              50.4264534237822
            ],
            [
              -104.62467616756,
              50.4265096674765
            ],
            [
              -104.624693931806,
              50.4278249685389
            ],
            [
              -104.629686001559,
              50.4278230350227
            ],
            [
              -104.629677492072,
              50.4283241977563
            ],
            [
              -104.629677621581,
              50.4299988881179
            ],
            [
              -104.631160049923,
              50.4300177600928
            ],
            [
              -104.631147336701,
              50.4316481696471
            ]
          ]
        ]
      },
      "properties": {
        "name": "Lakeview",
        "source": "city_of_regina_gis",
        "objectid": 89,
        "shape__area": 2394693.578125,
        "shape__length": 8973.786979324193
      }
    },
    {
      "type": "Feature",
      "geometry": {
        "type": "Polygon",
        "coordinates": [
          [
            [
              -104.631147336701,
              50.4316481696471
            ],
            [
              -104.63254112289,
              50.4316901013759
            ],
            [
              -104.63274115521,
              50.4315776561274
            ],
            [
              -104.635551201056,
              50.4316148021376
            ],
            [
              -104.635575833269,
              50.4312897722934
            ],
            [
              -104.636706632696,
              50.4309964846039
            ],
            [
              -104.638701136236,
              50.4301933214681
            ],
            [
              -104.641005426848,
              50.4302004830435
            ],
            [
              -104.641022873191,
              50.4348390427193
            ],
            [
              -104.635535387275,
              50.4348125359038
            ],
            [
              -104.635530786523,
              50.4354102791582
            ],
            [
              -104.63331262509,
              50.4354032848919
            ],
            [
              -104.633340384367,
              50.4370895955923
            ],
            [
              -104.631884290721,
              50.4370762839478
            ],
            [
              -104.631856522548,
              50.4353986623227
            ],
            [
              -104.631152884719,
              50.4354098355891
            ],
            [
              -104.631144258259,
              50.4348801590068
            ],
            [
              -104.629728060678,
              50.4348615015039
            ],
            [
              -104.62972707425,
              50.4321617215275
            ],
            [
              -104.630479553289,
              50.4321499928485
            ],
            [
              -104.630439382137,
              50.431626864529
            ],
            [
              -104.631147336701,
              50.4316481696471
            ]
          ]
        ]
      },
      "properties": {
        "name": "Normandy Heights",
        "source": "city_of_regina_gis",
        "objectid": 90,
        "shape__area": 908576.90625,
        "shape__length": 4787.505480417068
      }
    },
    {
      "type": "Feature",
      "geometry": {
        "type": "Polygon",
        "coordinates": [
          [
            [
              -104.652571056458,
              50.4709327440852
            ],
            [
              -104.652624599438,
              50.4841953613899
            ],
            [
              -104.641140562211,
              50.4842015872974
            ],
            [
              -104.641140507518,
              50.4841642583159
            ],
            [
              -104.641194199309,
              50.4770931932069
            ],
            [
              -104.636329004079,
              50.478065868408
            ],
            [
              -104.635439887107,
              50.4776247506042
            ],
            [
              -104.632855268414,
              50.4776250559309
            ],
            [
              -104.632855225211,
              50.4776487985161
            ],
            [
              -104.631925901678,
              50.4776485546452
            ],
            [
              -104.631861391242,
              50.4776075199789
            ],
            [
              -104.631861520148,
              50.4776814459807
            ],
            [
              -104.631245493714,
              50.4776813801727
            ],
            [
              -104.630987951411,
              50.4776702194835
            ],
            [
              -104.627660901491,
              50.4776697623076
            ],
            [
              -104.627596593841,
              50.4777108356129
            ],
            [
              -104.627598935015,
              50.4779683230531
            ],
            [
              -104.626848449158,
              50.4779683240382
            ],
            [
              -104.626851323398,
              50.4776040471558
            ],
            [
              -104.626876794331,
              50.4731125069732
            ],
            [
              -104.627012656113,
              50.4728928323009
            ],
            [
              -104.627455378405,
              50.4726374575044
            ],
            [
              -104.624824285546,
              50.4709781554091
            ],
            [
              -104.624423283193,
              50.4708056643025
            ],
            [
              -104.623868323657,
              50.4707182733186
            ],
            [
              -104.618081218064,
              50.4708383391359
            ],
            [
              -104.6180851439,
              50.4693831258363
            ],
            [
              -104.628980756444,
              50.4694184055216
            ],
            [
              -104.628982468395,
              50.4703568332926
            ],
            [
              -104.630425710328,
              50.4703570317707
            ],
            [
              -104.630426499881,
              50.4705624417031
            ],
            [
              -104.631332444576,
              50.470561995685
            ],
            [
              -104.631330707314,
              50.4698090702877
            ],
            [
              -104.634753486708,
              50.4698081260544
            ],
            [
              -104.634756101278,
              50.470764210138
            ],
            [
              -104.635380218209,
              50.4707642022202
            ],
            [
              -104.635376464219,
              50.4698081160326
            ],
            [
              -104.637641364244,
              50.4698079594348
            ],
            [
              -104.637643869008,
              50.4721082554741
            ],
            [
              -104.639087169931,
              50.4721082718572
            ],
            [
              -104.639087291374,
              50.4723138464766
            ],
            [
              -104.639710320003,
              50.4723139869199
            ],
            [
              -104.639712413221,
              50.4738653324883
            ],
            [
              -104.636826262892,
              50.4738663878325
            ],
            [
              -104.636828462602,
              50.4755969701823
            ],
            [
              -104.641032365225,
              50.4755966229748
            ],
            [
              -104.641132645513,
              50.4755966127499
            ],
            [
              -104.641134173047,
              50.4764864010807
            ],
            [
              -104.641755959447,
              50.4764865448211
            ],
            [
              -104.641755922199,
              50.4762125193121
            ],
            [
              -104.642293719787,
              50.4762122917221
            ],
            [
              -104.642292142508,
              50.4756891871964
            ],
            [
              -104.641682471568,
              50.4756889382743
            ],
            [
              -104.64167955462,
              50.475414817814
            ],
            [
              -104.64311249328,
              50.4754150458269
            ],
            [
              -104.643110163125,
              50.4740451959885
            ],
            [
              -104.643733477079,
              50.4740451364579
            ],
            [
              -104.643733343587,
              50.4735213739928
            ],
            [
              -104.642289714725,
              50.4735217820495
            ],
            [
              -104.642265380765,
              50.4735087484926
            ],
            [
              -104.642229264455,
              50.4734910882213
            ],
            [
              -104.642191749042,
              50.473474658245
            ],
            [
              -104.642152937452,
              50.4734595037736
            ],
            [
              -104.642112936697,
              50.4734456662884
            ],
            [
              -104.64207185562,
              50.4734331835353
            ],
            [
              -104.642029807149,
              50.473422090107
            ],
            [
              -104.642001294498,
              50.4734154814434
            ],
            [
              -104.641972437461,
              50.4734095117523
            ],
            [
              -104.641928584241,
              50.4734017712131
            ],
            [
              -104.641884156199,
              50.4733955058127
            ],
            [
              -104.641839275408,
              50.4733907329058
            ],
            [
              -104.641794064427,
              50.4733874652438
            ],
            [
              -104.641763801524,
              50.4733861280023
            ],
            [
              -104.64173348437,
              50.4733854654469
            ],
            [
              -104.641667605676,
              50.4733851268182
            ],
            [
              -104.64166501521,
              50.4725235839558
            ],
            [
              -104.641713389374,
              50.4725429973508
            ],
            [
              -104.641717217217,
              50.4725588405992
            ],
            [
              -104.641721099201,
              50.4725715180664
            ],
            [
              -104.641725671847,
              50.4725841015383
            ],
            [
              -104.641730929862,
              50.4725965751704
            ],
            [
              -104.641736867042,
              50.4726089245541
            ],
            [
              -104.641743475843,
              50.4726211338378
            ],
            [
              -104.641754630477,
              50.4726391534358
            ],
            [
              -104.641762881608,
              50.4726509487548
            ],
            [
              -104.641771772729,
              50.4726625529376
            ],
            [
              -104.64178129312,
              50.4726739524252
            ],
            [
              -104.641791430716,
              50.4726851325029
            ],
            [
              -104.641802173893,
              50.4726960801846
            ],
            [
              -104.641813509221,
              50.4727067821904
            ],
            [
              -104.641825422824,
              50.4727172249515
            ],
            [
              -104.641837900367,
              50.4727273960488
            ],
            [
              -104.641857640338,
              50.4727421160969
            ],
            [
              -104.641871459587,
              50.4727515545835
            ],
            [
              -104.641885786274,
              50.4727606795026
            ],
            [
              -104.641900603343,
              50.4727694798657
            ],
            [
              -104.641915892841,
              50.4727779446814
            ],
            [
              -104.641931635904,
              50.4727860638189
            ],
            [
              -104.641947813215,
              50.4727938274339
            ],
            [
              -104.641964405003,
              50.4728012262562
            ],
            [
              -104.641981391948,
              50.4728082507292
            ],
            [
              -104.641998752016,
              50.4728148927269
            ],
            [
              -104.642016465426,
              50.4728211441303
            ],
            [
              -104.642034509238,
              50.4728269970984
            ],
            [
              -104.642052862763,
              50.4728324443727
            ],
            [
              -104.642071502598,
              50.4728374798376
            ],
            [
              -104.642090406693,
              50.4728420970939
            ],
            [
              -104.642109551642,
              50.4728462906015
            ],
            [
              -104.642128914033,
              50.4728500551081
            ],
            [
              -104.642148470904,
              50.4728533859384
            ],
            [
              -104.64216819748,
              50.472856279275
            ],
            [
              -104.642188070789,
              50.4728587315936
            ],
            [
              -104.642208066052,
              50.4728607396524
            ],
            [
              -104.642228158935,
              50.472862301362
            ],
            [
              -104.642248324651,
              50.4728634143438
            ],
            [
              -104.64226853931,
              50.4728640773734
            ],
            [
              -104.64228877766,
              50.4728642900851
            ],
            [
              -104.642288199306,
              50.4724942200754
            ],
            [
              -104.642571591828,
              50.4724941950729
            ],
            [
              -104.642572142327,
              50.4729054536806
            ],
            [
              -104.643732497017,
              50.472905339528
            ],
            [
              -104.64373207895,
              50.4724939008984
            ],
            [
              -104.644015471487,
              50.4724938723804
            ],
            [
              -104.644015893362,
              50.472905131439
            ],
            [
              -104.645174704516,
              50.4729040988529
            ],
            [
              -104.645173985823,
              50.4724935577958
            ],
            [
              -104.645457378375,
              50.4724935257671
            ],
            [
              -104.645458242905,
              50.4729037075303
            ],
            [
              -104.646618313624,
              50.4729039234774
            ],
            [
              -104.64661815197,
              50.4724922939944
            ],
            [
              -104.648343593518,
              50.4724920664519
            ],
            [
              -104.648344046671,
              50.4726770583175
            ],
            [
              -104.648880818971,
              50.4726767975209
            ],
            [
              -104.648880606135,
              50.4726296722962
            ],
            [
              -104.64896656597,
              50.4726299327228
            ],
            [
              -104.649503337085,
              50.4726297585541
            ],
            [
              -104.649504511014,
              50.4733823158457
            ],
            [
              -104.651231535983,
              50.4733816786956
            ],
            [
              -104.651230087844,
              50.4724909827616
            ],
            [
              -104.651241635388,
              50.470928759621
            ],
            [
              -104.652571056458,
              50.4709327440852
            ]
          ]
        ]
      },
      "properties": {
        "name": "Regent Park",
        "source": "city_of_regina_gis",
        "objectid": 91,
        "shape__area": 4546614.3984375,
        "shape__length": 17658.704008360095
      }
    },
    {
      "type": "Feature",
      "geometry": {
        "type": "Polygon",
        "coordinates": [
          [
            [
              -104.57231748022,
              50.4259784685251
            ],
            [
              -104.572314096811,
              50.4240290216576
            ],
            [
              -104.573390217508,
              50.4240291082708
            ],
            [
              -104.573390559121,
              50.4248522700678
            ],
            [
              -104.575109897,
              50.4248411129973
            ],
            [
              -104.574127255813,
              50.4259730126394
            ],
            [
              -104.57231748022,
              50.4259784685251
            ]
          ]
        ]
      },
      "properties": {
        "name": "Lakeside Gardens",
        "source": "city_of_regina_gis",
        "objectid": 92,
        "shape__area": 67583.015625,
        "shape__length": 1223.1407864399323
      }
    },
    {
      "type": "Feature",
      "geometry": {
        "type": "Polygon",
        "coordinates": [
          [
            [
              -104.537318889235,
              50.4326893323461
            ],
            [
              -104.537361018241,
              50.4316639536501
            ],
            [
              -104.537426492818,
              50.4303523282596
            ],
            [
              -104.537538052742,
              50.4297136477698
            ],
            [
              -104.537754927398,
              50.4290753846595
            ],
            [
              -104.53812845578,
              50.4285722975619
            ],
            [
              -104.539126308296,
              50.4276289395472
            ],
            [
              -104.540956414679,
              50.4260748296399
            ],
            [
              -104.54113387495,
              50.4261576522804
            ],
            [
              -104.551668037143,
              50.4313076892198
            ],
            [
              -104.555867260328,
              50.4333600652068
            ],
            [
              -104.549711447185,
              50.4333643741289
            ],
            [
              -104.547973796209,
              50.433363135511
            ],
            [
              -104.547858587453,
              50.4333529079502
            ],
            [
              -104.547743675277,
              50.4333413978852
            ],
            [
              -104.547629095711,
              50.4333286080471
            ],
            [
              -104.547514883412,
              50.4333145431763
            ],
            [
              -104.547401072596,
              50.4332992071481
            ],
            [
              -104.547287697921,
              50.4332826047032
            ],
            [
              -104.547174794945,
              50.4332647405859
            ],
            [
              -104.547062396962,
              50.4332456206829
            ],
            [
              -104.546950538621,
              50.4332252508863
            ],
            [
              -104.546839254115,
              50.4332036370866
            ],
            [
              -104.546728577184,
              50.4331807857484
            ],
            [
              -104.546618542009,
              50.4331567042011
            ],
            [
              -104.54650918142,
              50.4331313997693
            ],
            [
              -104.546400529147,
              50.4331048797811
            ],
            [
              -104.546292618458,
              50.4330771527141
            ],
            [
              -104.546185481724,
              50.4330482267546
            ],
            [
              -104.546079151756,
              50.4330181109543
            ],
            [
              -104.545973660918,
              50.4329868140754
            ],
            [
              -104.54586904156,
              50.4329543463189
            ],
            [
              -104.545706894284,
              50.432901124396
            ],
            [
              -104.54545735838,
              50.4328163305342
            ],
            [
              -104.544464329034,
              50.4340106428061
            ],
            [
              -104.541305141836,
              50.4329378107786
            ],
            [
              -104.541060212272,
              50.4328870211073
            ],
            [
              -104.540987602133,
              50.433029454904
            ],
            [
              -104.540981695554,
              50.4330385916694
            ],
            [
              -104.540974090011,
              50.4330472008326
            ],
            [
              -104.54096902314,
              50.4330518335442
            ],
            [
              -104.540963462931,
              50.4330562291851
            ],
            [
              -104.540957436626,
              50.4330603662784
            ],
            [
              -104.540950972804,
              50.4330642247915
            ],
            [
              -104.540944103187,
              50.4330677861432
            ],
            [
              -104.540936861737,
              50.4330710326243
            ],
            [
              -104.540923400136,
              50.4330759099328
            ],
            [
              -104.540915321622,
              50.4330782140517
            ],
            [
              -104.540907011441,
              50.433080152914
            ],
            [
              -104.540898509339,
              50.4330817166039
            ],
            [
              -104.54088985729,
              50.4330828978043
            ],
            [
              -104.540881097706,
              50.433083690639
            ],
            [
              -104.540872272529,
              50.4330840909566
            ],
            [
              -104.540856800918,
              50.4330838434221
            ],
            [
              -104.540843660479,
              50.4330826735081
            ],
            [
              -104.540832904971,
              50.4330810323946
            ],
            [
              -104.540822414723,
              50.433078798904
            ],
            [
              -104.540810287934,
              50.4330753608849
            ],
            [
              -104.540204569777,
              50.4328700618875
            ],
            [
              -104.540165764855,
              50.4328571775845
            ],
            [
              -104.540127782918,
              50.4328451075131
            ],
            [
              -104.540089476525,
              50.4328334626515
            ],
            [
              -104.540050858258,
              50.4328222465027
            ],
            [
              -104.540011939347,
              50.4328114625641
            ],
            [
              -104.539972731474,
              50.4328011140474
            ],
            [
              -104.539933246772,
              50.432791204166
            ],
            [
              -104.539893497826,
              50.432781736135
            ],
            [
              -104.539853495875,
              50.4327727123009
            ],
            [
              -104.539813253051,
              50.432764136165
            ],
            [
              -104.539772782853,
              50.432756009507
            ],
            [
              -104.539732096064,
              50.4327483352474
            ],
            [
              -104.539691206174,
              50.4327411160293
            ],
            [
              -104.539650125335,
              50.4327343533396
            ],
            [
              -104.539608865684,
              50.4327280498162
            ],
            [
              -104.539567440269,
              50.4327222072373
            ],
            [
              -104.539525861241,
              50.4327168270898
            ],
            [
              -104.539484141644,
              50.4327119114396
            ],
            [
              -104.539442294533,
              50.4327074614895
            ],
            [
              -104.539400331609,
              50.4327034784367
            ],
            [
              -104.539358266371,
              50.4326999640613
            ],
            [
              -104.539316111878,
              50.4326969189905
            ],
            [
              -104.539273880283,
              50.4326943444235
            ],
            [
              -104.539231584644,
              50.4326922409875
            ],
            [
              -104.539189238474,
              50.4326906090238
            ],
            [
              -104.539146853476,
              50.4326894497296
            ],
            [
              -104.539104443617,
              50.4326887628727
            ],
            [
              -104.539062021509,
              50.4326885487906
            ],
            [
              -104.537318889235,
              50.4326893323461
            ]
          ]
        ]
      },
      "properties": {
        "name": "Gardiner Heights",
        "source": "city_of_regina_gis",
        "objectid": 93,
        "shape__area": 1405198.171875,
        "shape__length": 5655.496321147697
      }
    },
    {
      "type": "Feature",
      "geometry": {
        "type": "Polygon",
        "coordinates": [
          [
            [
              -104.572316437906,
              50.4334086908058
            ],
            [
              -104.572311884844,
              50.4414154172317
            ],
            [
              -104.563356748104,
              50.4370197138854
            ],
            [
              -104.563878847544,
              50.4365721111327
            ],
            [
              -104.566508687061,
              50.4341834504463
            ],
            [
              -104.567353985906,
              50.4332877402755
            ],
            [
              -104.569309033358,
              50.4332925152564
            ],
            [
              -104.569308848758,
              50.4333234902404
            ],
            [
              -104.570107583543,
              50.433325431668
            ],
            [
              -104.570107119892,
              50.433403349586
            ],
            [
              -104.572316437906,
              50.4334086908058
            ]
          ]
        ]
      },
      "properties": {
        "name": "Dominion Heights",
        "source": "city_of_regina_gis",
        "objectid": 94,
        "shape__area": 877839.59375,
        "shape__length": 4019.499046853342
      }
    },
    {
      "type": "Feature",
      "geometry": {
        "type": "Polygon",
        "coordinates": [
          [
            [
              -104.631147336701,
              50.4316481696471
            ],
            [
              -104.631160049923,
              50.4300177600928
            ],
            [
              -104.629677621581,
              50.4299988881179
            ],
            [
              -104.629677492072,
              50.4283241977563
            ],
            [
              -104.630222049548,
              50.4282902784889
            ],
            [
              -104.63121951116,
              50.428067300738
            ],
            [
              -104.631929978471,
              50.4277585904953
            ],
            [
              -104.632863454804,
              50.427224422055
            ],
            [
              -104.633729109806,
              50.4268737877221
            ],
            [
              -104.634059661037,
              50.4267439655109
            ],
            [
              -104.634085702894,
              50.4268455625938
            ],
            [
              -104.634749547262,
              50.4276421995814
            ],
            [
              -104.636411983838,
              50.4268715786854
            ],
            [
              -104.640992917128,
              50.4268677619451
            ],
            [
              -104.641005426848,
              50.4302004830435
            ],
            [
              -104.638701136236,
              50.4301933214681
            ],
            [
              -104.636706632696,
              50.4309964846039
            ],
            [
              -104.635575833269,
              50.4312897722934
            ],
            [
              -104.635551201056,
              50.4316148021376
            ],
            [
              -104.63274115521,
              50.4315776561274
            ],
            [
              -104.63254112289,
              50.4316901013759
            ],
            [
              -104.631147336701,
              50.4316481696471
            ]
          ]
        ]
      },
      "properties": {
        "name": "Lakeview A",
        "source": "city_of_regina_gis",
        "objectid": 95,
        "shape__area": 799753.734375,
        "shape__length": 4020.7046475933307
      }
    },
    {
      "type": "Feature",
      "geometry": {
        "type": "Polygon",
        "coordinates": [
          [
            [
              -104.696369996984,
              50.4771293319788
            ],
            [
              -104.697822083015,
              50.4768793067654
            ],
            [
              -104.69865925189,
              50.4766649425923
            ],
            [
              -104.698659336237,
              50.4754538275088
            ],
            [
              -104.698281952295,
              50.4750115028878
            ],
            [
              -104.698304929964,
              50.4746558273933
            ],
            [
              -104.698431768137,
              50.4744262327945
            ],
            [
              -104.698809164358,
              50.4742272766502
            ],
            [
              -104.698938855906,
              50.4735478390915
            ],
            [
              -104.698501195617,
              50.4733667663323
            ],
            [
              -104.698362186868,
              50.4730465128731
            ],
            [
              -104.698296830671,
              50.472904722092
            ],
            [
              -104.698154417289,
              50.4728567805297
            ],
            [
              -104.698215923399,
              50.4728012484197
            ],
            [
              -104.698268580165,
              50.4727512825194
            ],
            [
              -104.698312041463,
              50.4726876374863
            ],
            [
              -104.698334767526,
              50.4726312082688
            ],
            [
              -104.698348086948,
              50.4725905240989
            ],
            [
              -104.69835747225,
              50.4725041713946
            ],
            [
              -104.698375974333,
              50.4723724657187
            ],
            [
              -104.698391876369,
              50.4722958019841
            ],
            [
              -104.698899473136,
              50.4724593565881
            ],
            [
              -104.699020229488,
              50.4723341622038
            ],
            [
              -104.699169639404,
              50.472230469795
            ],
            [
              -104.699362136911,
              50.4721421942268
            ],
            [
              -104.699516130318,
              50.4720721856536
            ],
            [
              -104.699645995949,
              50.4720235426609
            ],
            [
              -104.699809314045,
              50.4719964137754
            ],
            [
              -104.69993869479,
              50.4720242975922
            ],
            [
              -104.700579507027,
              50.4723687951916
            ],
            [
              -104.700624019345,
              50.4725716839464
            ],
            [
              -104.700492915003,
              50.4726644052375
            ],
            [
              -104.700567864253,
              50.4729535693985
            ],
            [
              -104.700715595734,
              50.4729944355735
            ],
            [
              -104.700861587114,
              50.472992017172
            ],
            [
              -104.70102575301,
              50.4728853474026
            ],
            [
              -104.701183639515,
              50.472639888186
            ],
            [
              -104.701206661808,
              50.4725242341272
            ],
            [
              -104.701148105356,
              50.4722033138602
            ],
            [
              -104.701094638546,
              50.4719742236851
            ],
            [
              -104.701138804935,
              50.4719620008203
            ],
            [
              -104.701207650304,
              50.4720840599591
            ],
            [
              -104.701270721732,
              50.4721404753528
            ],
            [
              -104.701300890898,
              50.4721400592955
            ],
            [
              -104.701229187589,
              50.471980490565
            ],
            [
              -104.701077029964,
              50.4718226889796
            ],
            [
              -104.701028838008,
              50.4716372447712
            ],
            [
              -104.701012591961,
              50.4714599633728
            ],
            [
              -104.701069687817,
              50.4713548740127
            ],
            [
              -104.701401098663,
              50.4711175589155
            ],
            [
              -104.701553553472,
              50.4710348688324
            ],
            [
              -104.701732586846,
              50.4710149809947
            ],
            [
              -104.701725479889,
              50.4699657245116
            ],
            [
              -104.70017948661,
              50.4700288256662
            ],
            [
              -104.699723666554,
              50.470033189369
            ],
            [
              -104.699437137984,
              50.4700379885705
            ],
            [
              -104.699246124762,
              50.4700402645363
            ],
            [
              -104.699059171106,
              50.4700868606147
            ],
            [
              -104.698932812667,
              50.4701613068245
            ],
            [
              -104.698710040454,
              50.4703795105782
            ],
            [
              -104.69843467146,
              50.470540618535
            ],
            [
              -104.698228508469,
              50.4705895694781
            ],
            [
              -104.698183952725,
              50.4705590014754
            ],
            [
              -104.697989734889,
              50.4706060797618
            ],
            [
              -104.697846305581,
              50.4706418698294
            ],
            [
              -104.697765756245,
              50.4706416606992
            ],
            [
              -104.697727070357,
              50.4706263340014
            ],
            [
              -104.697775021678,
              50.4705921994847
            ],
            [
              -104.697917464586,
              50.4705630638192
            ],
            [
              -104.697912532721,
              50.4705487809537
            ],
            [
              -104.697619841078,
              50.4705994094916
            ],
            [
              -104.697373498786,
              50.4706681014072
            ],
            [
              -104.697241454562,
              50.4707659716092
            ],
            [
              -104.696961334893,
              50.4711197699537
            ],
            [
              -104.696901242658,
              50.4711220088806
            ],
            [
              -104.696795694342,
              50.4711864112378
            ],
            [
              -104.69674231482,
              50.4713132312954
            ],
            [
              -104.696786759921,
              50.4714091652017
            ],
            [
              -104.697126750697,
              50.4716759457446
            ],
            [
              -104.697276348101,
              50.4717697576327
            ],
            [
              -104.697591175567,
              50.4718616032647
            ],
            [
              -104.697710506481,
              50.4719912677398
            ],
            [
              -104.69821987709,
              50.4721642576133
            ],
            [
              -104.698191332509,
              50.4722143444412
            ],
            [
              -104.698171322915,
              50.4722634321823
            ],
            [
              -104.698160049726,
              50.4723000403177
            ],
            [
              -104.69814763214,
              50.4723429865822
            ],
            [
              -104.698141807163,
              50.4723908818917
            ],
            [
              -104.698137072722,
              50.4724408937521
            ],
            [
              -104.698138099527,
              50.4724885540091
            ],
            [
              -104.698130255715,
              50.4725386149301
            ],
            [
              -104.698110618728,
              50.4726003797769
            ],
            [
              -104.698078452734,
              50.4726599789004
            ],
            [
              -104.698038856406,
              50.4727137362327
            ],
            [
              -104.697997861352,
              50.4727576401256
            ],
            [
              -104.697947213043,
              50.472801554927
            ],
            [
              -104.697823943753,
              50.4727684130137
            ],
            [
              -104.697375205745,
              50.4729939675368
            ],
            [
              -104.697183284214,
              50.4730721725805
            ],
            [
              -104.696982461756,
              50.4731428957052
            ],
            [
              -104.696527541242,
              50.4732116873421
            ],
            [
              -104.695806717335,
              50.4731998088963
            ],
            [
              -104.693894990119,
              50.4731648071124
            ],
            [
              -104.692825465672,
              50.4730631852604
            ],
            [
              -104.692282061717,
              50.4729706175748
            ],
            [
              -104.69108771314,
              50.4734772837938
            ],
            [
              -104.690633368114,
              50.4734560836664
            ],
            [
              -104.689256171411,
              50.4731625117479
            ],
            [
              -104.688897433241,
              50.4729016403767
            ],
            [
              -104.688256485045,
              50.4726600052328
            ],
            [
              -104.687980285381,
              50.4726362456499
            ],
            [
              -104.687969140883,
              50.4696960286561
            ],
            [
              -104.687048941901,
              50.4696971416462
            ],
            [
              -104.687047721337,
              50.4693292203077
            ],
            [
              -104.7098827104,
              50.469302989443
            ],
            [
              -104.709889248611,
              50.4780311052549
            ],
            [
              -104.709654892392,
              50.4781120034603
            ],
            [
              -104.707415386473,
              50.4788458320549
            ],
            [
              -104.705927055736,
              50.4784845965298
            ],
            [
              -104.705292186967,
              50.4785073320101
            ],
            [
              -104.704977064376,
              50.478518615601
            ],
            [
              -104.703360748252,
              50.4790251500106
            ],
            [
              -104.70314899256,
              50.4790533888358
            ],
            [
              -104.701810663144,
              50.4790705628024
            ],
            [
              -104.700707426403,
              50.4787294912684
            ],
            [
              -104.700528077437,
              50.4786523168545
            ],
            [
              -104.699540413803,
              50.4781799607617
            ],
            [
              -104.698628099661,
              50.4779406297095
            ],
            [
              -104.698487275835,
              50.4779893686213
            ],
            [
              -104.698483704059,
              50.4781457589165
            ],
            [
              -104.698387930761,
              50.4783193833748
            ],
            [
              -104.697569820033,
              50.4782924039306
            ],
            [
              -104.69628668509,
              50.4782326775571
            ],
            [
              -104.696259642954,
              50.4779657747648
            ],
            [
              -104.696369996984,
              50.4771293319788
            ]
          ]
        ]
      },
      "properties": {
        "name": "UNDEVELOP",
        "source": "city_of_regina_gis",
        "objectid": 55,
        "shape__area": 2725665.3359375,
        "shape__length": 11120.90193213561
      }
    },
    {
      "type": "Feature",
      "geometry": {
        "type": "Polygon",
        "coordinates": [
          [
            [
              -104.696369996984,
              50.4771293319788
            ],
            [
              -104.696326824179,
              50.4771367651941
            ],
            [
              -104.693734409264,
              50.4776502428001
            ],
            [
              -104.690654631186,
              50.4780691085927
            ],
            [
              -104.688255604919,
              50.4781332231511
            ],
            [
              -104.688001119242,
              50.4781324057581
            ],
            [
              -104.687980285381,
              50.4726362456499
            ],
            [
              -104.688256485045,
              50.4726600052328
            ],
            [
              -104.688897433241,
              50.4729016403767
            ],
            [
              -104.689256171411,
              50.4731625117479
            ],
            [
              -104.690633368114,
              50.4734560836664
            ],
            [
              -104.69108771314,
              50.4734772837938
            ],
            [
              -104.692282061717,
              50.4729706175748
            ],
            [
              -104.692825465672,
              50.4730631852604
            ],
            [
              -104.693894990119,
              50.4731648071124
            ],
            [
              -104.695806717335,
              50.4731998088963
            ],
            [
              -104.696527541242,
              50.4732116873421
            ],
            [
              -104.696982461756,
              50.4731428957052
            ],
            [
              -104.697183284214,
              50.4730721725805
            ],
            [
              -104.697375205745,
              50.4729939675368
            ],
            [
              -104.697823943753,
              50.4727684130137
            ],
            [
              -104.697947213043,
              50.472801554927
            ],
            [
              -104.697997861352,
              50.4727576401256
            ],
            [
              -104.698038856406,
              50.4727137362327
            ],
            [
              -104.698078452734,
              50.4726599789004
            ],
            [
              -104.698110618728,
              50.4726003797769
            ],
            [
              -104.698130255715,
              50.4725386149301
            ],
            [
              -104.698138099527,
              50.4724885540091
            ],
            [
              -104.698137072722,
              50.4724408937521
            ],
            [
              -104.698141807163,
              50.4723908818917
            ],
            [
              -104.69814763214,
              50.4723429865822
            ],
            [
              -104.698160049726,
              50.4723000403177
            ],
            [
              -104.698171322915,
              50.4722634321823
            ],
            [
              -104.698191332509,
              50.4722143444412
            ],
            [
              -104.69821987709,
              50.4721642576133
            ],
            [
              -104.697710506481,
              50.4719912677398
            ],
            [
              -104.697591175567,
              50.4718616032647
            ],
            [
              -104.697276348101,
              50.4717697576327
            ],
            [
              -104.697126750697,
              50.4716759457446
            ],
            [
              -104.696786759921,
              50.4714091652017
            ],
            [
              -104.69674231482,
              50.4713132312954
            ],
            [
              -104.696795694342,
              50.4711864112378
            ],
            [
              -104.696901242658,
              50.4711220088806
            ],
            [
              -104.696961334893,
              50.4711197699537
            ],
            [
              -104.697241454562,
              50.4707659716092
            ],
            [
              -104.697373498786,
              50.4706681014072
            ],
            [
              -104.697619841078,
              50.4705994094916
            ],
            [
              -104.697912532721,
              50.4705487809537
            ],
            [
              -104.697917464586,
              50.4705630638192
            ],
            [
              -104.697775021678,
              50.4705921994847
            ],
            [
              -104.697727070357,
              50.4706263340014
            ],
            [
              -104.697765756245,
              50.4706416606992
            ],
            [
              -104.697846305581,
              50.4706418698294
            ],
            [
              -104.697989734889,
              50.4706060797618
            ],
            [
              -104.698183952725,
              50.4705590014754
            ],
            [
              -104.698228508469,
              50.4705895694781
            ],
            [
              -104.69843467146,
              50.470540618535
            ],
            [
              -104.698710040454,
              50.4703795105782
            ],
            [
              -104.698932812667,
              50.4701613068245
            ],
            [
              -104.699059171106,
              50.4700868606147
            ],
            [
              -104.699246124762,
              50.4700402645363
            ],
            [
              -104.699437137984,
              50.4700379885705
            ],
            [
              -104.699723666554,
              50.470033189369
            ],
            [
              -104.70017948661,
              50.4700288256662
            ],
            [
              -104.701725479889,
              50.4699657245116
            ],
            [
              -104.701732586846,
              50.4710149809947
            ],
            [
              -104.701553553472,
              50.4710348688324
            ],
            [
              -104.701401098663,
              50.4711175589155
            ],
            [
              -104.701069687817,
              50.4713548740127
            ],
            [
              -104.701012591961,
              50.4714599633728
            ],
            [
              -104.701028838008,
              50.4716372447712
            ],
            [
              -104.701077029964,
              50.4718226889796
            ],
            [
              -104.701229187589,
              50.471980490565
            ],
            [
              -104.701300890898,
              50.4721400592955
            ],
            [
              -104.701270721732,
              50.4721404753528
            ],
            [
              -104.701207650304,
              50.4720840599591
            ],
            [
              -104.701138804935,
              50.4719620008203
            ],
            [
              -104.701094638546,
              50.4719742236851
            ],
            [
              -104.701148105356,
              50.4722033138602
            ],
            [
              -104.701206661808,
              50.4725242341272
            ],
            [
              -104.701183639515,
              50.472639888186
            ],
            [
              -104.70102575301,
              50.4728853474026
            ],
            [
              -104.700861587114,
              50.472992017172
            ],
            [
              -104.700715595734,
              50.4729944355735
            ],
            [
              -104.700567864253,
              50.4729535693985
            ],
            [
              -104.700492915003,
              50.4726644052375
            ],
            [
              -104.700624019345,
              50.4725716839464
            ],
            [
              -104.700579507027,
              50.4723687951916
            ],
            [
              -104.69993869479,
              50.4720242975922
            ],
            [
              -104.699809314045,
              50.4719964137754
            ],
            [
              -104.699645995949,
              50.4720235426609
            ],
            [
              -104.699516130318,
              50.4720721856536
            ],
            [
              -104.699362136911,
              50.4721421942268
            ],
            [
              -104.699169639404,
              50.472230469795
            ],
            [
              -104.699020229488,
              50.4723341622038
            ],
            [
              -104.698899473136,
              50.4724593565881
            ],
            [
              -104.698391876369,
              50.4722958019841
            ],
            [
              -104.698375974333,
              50.4723724657187
            ],
            [
              -104.69835747225,
              50.4725041713946
            ],
            [
              -104.698348086948,
              50.4725905240989
            ],
            [
              -104.698334767526,
              50.4726312082688
            ],
            [
              -104.698312041463,
              50.4726876374863
            ],
            [
              -104.698268580165,
              50.4727512825194
            ],
            [
              -104.698215923399,
              50.4728012484197
            ],
            [
              -104.698154417289,
              50.4728567805297
            ],
            [
              -104.698296830671,
              50.472904722092
            ],
            [
              -104.698362186868,
              50.4730465128731
            ],
            [
              -104.698501195617,
              50.4733667663323
            ],
            [
              -104.698938855906,
              50.4735478390915
            ],
            [
              -104.698809164358,
              50.4742272766502
            ],
            [
              -104.698431768137,
              50.4744262327945
            ],
            [
              -104.698304929964,
              50.4746558273933
            ],
            [
              -104.698281952295,
              50.4750115028878
            ],
            [
              -104.698659336237,
              50.4754538275088
            ],
            [
              -104.69865925189,
              50.4766649425923
            ],
            [
              -104.697822083015,
              50.4768793067654
            ],
            [
              -104.696369996984,
              50.4771293319788
            ]
          ]
        ]
      },
      "properties": {
        "name": "Fairways West",
        "source": "city_of_regina_gis",
        "objectid": 29,
        "shape__area": 1099687.3125,
        "shape__length": 6405.602608563637
      }
    },
    {
      "type": "Feature",
      "geometry": {
        "type": "Polygon",
        "coordinates": [
          [
            [
              -104.643791053344,
              50.4662267986463
            ],
            [
              -104.643790929659,
              50.4661813232262
            ],
            [
              -104.646744543648,
              50.4661903401698
            ],
            [
              -104.646754359743,
              50.4691893066409
            ],
            [
              -104.646754358501,
              50.4691904416707
            ],
            [
              -104.646533197336,
              50.4691891572606
            ],
            [
              -104.646484541723,
              50.4691883323269
            ],
            [
              -104.646435916305,
              50.4691869655608
            ],
            [
              -104.646387335508,
              50.469185057582
            ],
            [
              -104.646338814213,
              50.4691826087233
            ],
            [
              -104.646290367747,
              50.4691796196069
            ],
            [
              -104.64624201008,
              50.4691760914267
            ],
            [
              -104.646193756089,
              50.4691720250913
            ],
            [
              -104.646145621097,
              50.4691674217986
            ],
            [
              -104.646097619073,
              50.4691622830301
            ],
            [
              -104.646049764885,
              50.4691566105578
            ],
            [
              -104.646002072953,
              50.4691504058649
            ],
            [
              -104.645954558145,
              50.4691436707234
            ],
            [
              -104.645907234875,
              50.4691364074797
            ],
            [
              -104.645860117558,
              50.4691286181924
            ],
            [
              -104.645813220157,
              50.4691203052066
            ],
            [
              -104.645766557533,
              50.4691114711577
            ],
            [
              -104.645720143195,
              50.4691021186774
            ],
            [
              -104.645673992003,
              50.4690922506889
            ],
            [
              -104.645628117915,
              50.469081870113
            ],
            [
              -104.645582534436,
              50.4690709801569
            ],
            [
              -104.645537255521,
              50.4690595840289
            ],
            [
              -104.645492295574,
              50.4690476852267
            ],
            [
              -104.645447667645,
              50.4690352875319
            ],
            [
              -104.645403385234,
              50.4690223947269
            ],
            [
              -104.645359462746,
              50.4690090103096
            ],
            [
              -104.645315912771,
              50.4689951389234
            ],
            [
              -104.645272748809,
              50.4689807846389
            ],
            [
              -104.645229983906,
              50.4689659515251
            ],
            [
              -104.645187631102,
              50.4689506445148
            ],
            [
              -104.645145703442,
              50.468934867965
            ],
            [
              -104.645104213516,
              50.4689186268068
            ],
            [
              -104.645063174363,
              50.468901925973
            ],
            [
              -104.64502259767,
              50.4688847706797
            ],
            [
              -104.644982496928,
              50.468867165861
            ],
            [
              -104.644942883367,
              50.4688491170196
            ],
            [
              -104.644903769574,
              50.4688306296624
            ],
            [
              -104.644865167229,
              50.4688117095812
            ],
            [
              -104.644827088015,
              50.4687923622802
            ],
            [
              -104.644789544061,
              50.4687725938404
            ],
            [
              -104.644752546144,
              50.4687524103388
            ],
            [
              -104.644716105945,
              50.4687318175672
            ],
            [
              -104.644680234687,
              50.4687108221796
            ],
            [
              -104.644644942694,
              50.4686894302517
            ],
            [
              -104.644610241188,
              50.4686676487249
            ],
            [
              -104.644576140493,
              50.4686454839627
            ],
            [
              -104.64454265138,
              50.4686229426177
            ],
            [
              -104.644509783717,
              50.4686000316275
            ],
            [
              -104.644477547371,
              50.4685767579294
            ],
            [
              -104.644445952658,
              50.4685531290382
            ],
            [
              -104.644415008996,
              50.4685291516021
            ],
            [
              -104.644384725798,
              50.468504833133
            ],
            [
              -104.644355112024,
              50.4684801811411
            ],
            [
              -104.64432617709,
              50.4684552028505
            ],
            [
              -104.644297929502,
              50.4684299063457
            ],
            [
              -104.644270377771,
              50.4684042988479
            ],
            [
              -104.644243530856,
              50.468378388443
            ],
            [
              -104.644217396364,
              50.4683521826373
            ],
            [
              -104.644191982796,
              50.4683256900908
            ],
            [
              -104.644167297312,
              50.4682989183083
            ],
            [
              -104.644143347511,
              50.4682718756594
            ],
            [
              -104.644120141447,
              50.4682445705151
            ],
            [
              -104.644097685371,
              50.4682170109528
            ],
            [
              -104.644075985982,
              50.4681892053394
            ],
            [
              -104.64405505043,
              50.4681611623307
            ],
            [
              -104.644034885411,
              50.4681328905814
            ],
            [
              -104.644015496276,
              50.4681043981661
            ],
            [
              -104.643996889265,
              50.4680756943136
            ],
            [
              -104.643979069724,
              50.4680467876742
            ],
            [
              -104.643962043449,
              50.4680176868997
            ],
            [
              -104.643945815783,
              50.4679884006402
            ],
            [
              -104.643930391615,
              50.4679589384082
            ],
            [
              -104.643915774938,
              50.467929308562
            ],
            [
              -104.64390197109,
              50.4678995206153
            ],
            [
              -104.64388898406,
              50.4678695835018
            ],
            [
              -104.643876817389,
              50.4678395061542
            ],
            [
              -104.643865475062,
              50.467809297794
            ],
            [
              -104.643854960617,
              50.4677789676417
            ],
            [
              -104.643845277136,
              50.4677485252037
            ],
            [
              -104.643836427257,
              50.4677179794098
            ],
            [
              -104.643828414514,
              50.467687339768
            ],
            [
              -104.643821240639,
              50.4676566154929
            ],
            [
              -104.643814907815,
              50.4676258160885
            ],
            [
              -104.643809418675,
              50.4675949507719
            ],
            [
              -104.64380477405,
              50.4675640287553
            ],
            [
              -104.643800975668,
              50.4675330601164
            ],
            [
              -104.643798024813,
              50.4675020534929
            ],
            [
              -104.64379592186,
              50.4674710189587
            ],
            [
              -104.643794263882,
              50.4674089032955
            ],
            [
              -104.643791053344,
              50.4662267986463
            ]
          ]
        ]
      },
      "properties": {
        "name": "Balbriggan Place",
        "source": "city_of_regina_gis",
        "objectid": 96,
        "shape__area": 152107.9375,
        "shape__length": 1575.6667249272887
      }
    },
    {
      "type": "Feature",
      "geometry": {
        "type": "Polygon",
        "coordinates": [
          [
            [
              -104.640948381026,
              50.4407066729044
            ],
            [
              -104.664094715878,
              50.4406998609514
            ],
            [
              -104.664108432943,
              50.4445267145736
            ],
            [
              -104.664058305528,
              50.4445266035496
            ],
            [
              -104.664059694228,
              50.4453628196756
            ],
            [
              -104.660850901064,
              50.4458625220001
            ],
            [
              -104.651522447918,
              50.4467852525446
            ],
            [
              -104.650689768611,
              50.4474256500102
            ],
            [
              -104.650677858148,
              50.4474773897064
            ],
            [
              -104.649375368591,
              50.4476174544751
            ],
            [
              -104.649362664333,
              50.4476194830948
            ],
            [
              -104.649352379048,
              50.4476218142726
            ],
            [
              -104.649340514566,
              50.447625353144
            ],
            [
              -104.649331114541,
              50.4476288945478
            ],
            [
              -104.649320525725,
              50.447633814041
            ],
            [
              -104.649312356715,
              50.4476384354817
            ],
            [
              -104.64930343251,
              50.4476445548872
            ],
            [
              -104.649296794589,
              50.4476500866109
            ],
            [
              -104.649292043785,
              50.4476547649727
            ],
            [
              -104.649286842831,
              50.447660891856
            ],
            [
              -104.649283296395,
              50.4476659871111
            ],
            [
              -104.649279660177,
              50.4476725578748
            ],
            [
              -104.649276934882,
              50.4476793060713
            ],
            [
              -104.649275424525,
              50.4476847977035
            ],
            [
              -104.649274386189,
              50.4476917351685
            ],
            [
              -104.649274298622,
              50.4476987037022
            ],
            [
              -104.649275162211,
              50.4477056509282
            ],
            [
              -104.64931084363,
              50.4478893151138
            ],
            [
              -104.64952617515,
              50.448101850056
            ],
            [
              -104.649534360764,
              50.4481095721846
            ],
            [
              -104.649545379716,
              50.4481189829539
            ],
            [
              -104.649561242214,
              50.4481309339387
            ],
            [
              -104.649573975332,
              50.4481394171448
            ],
            [
              -104.64959200113,
              50.448150044769
            ],
            [
              -104.649606258245,
              50.4481574740743
            ],
            [
              -104.649621104888,
              50.4481644164881
            ],
            [
              -104.649636500631,
              50.4481708537576
            ],
            [
              -104.64965240234,
              50.4481767673343
            ],
            [
              -104.64967431726,
              50.4481838104495
            ],
            [
              -104.64968555014,
              50.4481869615876
            ],
            [
              -104.649702705393,
              50.4481912140748
            ],
            [
              -104.649720185383,
              50.4481948873554
            ],
            [
              -104.649731996018,
              50.4481970096576
            ],
            [
              -104.649749911024,
              50.4481996962653
            ],
            [
              -104.649761965904,
              50.4482011530693
            ],
            [
              -104.64978017951,
              50.4482028324481
            ],
            [
              -104.649798505798,
              50.4482039009006
            ],
            [
              -104.64982302933,
              50.4482043701162
            ],
            [
              -104.650219806977,
              50.4482035853801
            ],
            [
              -104.650314490839,
              50.448294344274
            ],
            [
              -104.650466467266,
              50.4483895922946
            ],
            [
              -104.650924920324,
              50.4485246126818
            ],
            [
              -104.651115482103,
              50.4485637664765
            ],
            [
              -104.651532445556,
              50.4486143913137
            ],
            [
              -104.651954422128,
              50.4486346314234
            ],
            [
              -104.652374037458,
              50.4486696123924
            ],
            [
              -104.652555549263,
              50.4486754609722
            ],
            [
              -104.652555365653,
              50.448758020582
            ],
            [
              -104.653235990813,
              50.4489256224655
            ],
            [
              -104.653708259237,
              50.4489260407353
            ],
            [
              -104.653707869103,
              50.4493256196161
            ],
            [
              -104.653822322308,
              50.4495454010456
            ],
            [
              -104.653843449478,
              50.4497764163315
            ],
            [
              -104.653764119996,
              50.449992113393
            ],
            [
              -104.653706825847,
              50.4502570696337
            ],
            [
              -104.653706633463,
              50.45047596919
            ],
            [
              -104.654470880189,
              50.4504763554701
            ],
            [
              -104.65444212424,
              50.4506570371079
            ],
            [
              -104.654500358862,
              50.4507355563385
            ],
            [
              -104.654555611064,
              50.4508015804161
            ],
            [
              -104.654645546754,
              50.4508870139598
            ],
            [
              -104.654721486006,
              50.4509482800417
            ],
            [
              -104.654785583521,
              50.4510058370425
            ],
            [
              -104.654882262398,
              50.4510610694686
            ],
            [
              -104.654974144487,
              50.4511114349072
            ],
            [
              -104.655061557703,
              50.4511489611681
            ],
            [
              -104.655172090031,
              50.4511954914044
            ],
            [
              -104.655293925356,
              50.4512224272802
            ],
            [
              -104.655405758353,
              50.451237388473
            ],
            [
              -104.655516264515,
              50.4512481790324
            ],
            [
              -104.655637127053,
              50.4512502084885
            ],
            [
              -104.655765126035,
              50.4512488477741
            ],
            [
              -104.655877155487,
              50.4512226481807
            ],
            [
              -104.656001368721,
              50.4511918666434
            ],
            [
              -104.656126843556,
              50.4511668499342
            ],
            [
              -104.656228660808,
              50.4511337776614
            ],
            [
              -104.656342884546,
              50.4511028281127
            ],
            [
              -104.656411292908,
              50.4510921698326
            ],
            [
              -104.656497549142,
              50.451072876154
            ],
            [
              -104.656696556038,
              50.4509977183686
            ],
            [
              -104.656781392199,
              50.4509764863535
            ],
            [
              -104.656894984602,
              50.4509487164756
            ],
            [
              -104.657003215372,
              50.4509297913973
            ],
            [
              -104.657094228915,
              50.4509163208789
            ],
            [
              -104.657231478486,
              50.4508966062118
            ],
            [
              -104.657315145695,
              50.4508916280988
            ],
            [
              -104.657402360887,
              50.4508854329535
            ],
            [
              -104.657497567966,
              50.4508914974444
            ],
            [
              -104.657577345966,
              50.4509081525392
            ],
            [
              -104.657678521349,
              50.4509392066925
            ],
            [
              -104.657729622866,
              50.45097261179
            ],
            [
              -104.65777967326,
              50.4510072757253
            ],
            [
              -104.657833771981,
              50.4510528567014
            ],
            [
              -104.657883113751,
              50.4511047397566
            ],
            [
              -104.657910466493,
              50.4511444474518
            ],
            [
              -104.657943919311,
              50.4512059560491
            ],
            [
              -104.65796864465,
              50.4512609364115
            ],
            [
              -104.657963049057,
              50.4513118981981
            ],
            [
              -104.657952761044,
              50.4513554419771
            ],
            [
              -104.657915241346,
              50.4514049109898
            ],
            [
              -104.657870046088,
              50.4514587185684
            ],
            [
              -104.657803781481,
              50.4515022805052
            ],
            [
              -104.657733889135,
              50.4515368469868
            ],
            [
              -104.657649092593,
              50.4515692488722
            ],
            [
              -104.657567922328,
              50.4515863950641
            ],
            [
              -104.65749609576,
              50.4515950821116
            ],
            [
              -104.657397036989,
              50.4515975685579
            ],
            [
              -104.657282797371,
              50.451592460955
            ],
            [
              -104.657202664761,
              50.4515965409092
            ],
            [
              -104.65712919495,
              50.4515965846388
            ],
            [
              -104.657050783963,
              50.4515952689268
            ],
            [
              -104.656976920448,
              50.4516048789195
            ],
            [
              -104.656865560037,
              50.4516148166158
            ],
            [
              -104.656788463552,
              50.4516301160269
            ],
            [
              -104.656704611232,
              50.4516395579623
            ],
            [
              -104.656623493013,
              50.451655427884
            ],
            [
              -104.656566833788,
              50.4516720272385
            ],
            [
              -104.656517811339,
              50.4516973705269
            ],
            [
              -104.656478698889,
              50.4517369200701
            ],
            [
              -104.656459918797,
              50.4517803212309
            ],
            [
              -104.65646299593,
              50.4518269612144
            ],
            [
              -104.656459475345,
              50.4518760428866
            ],
            [
              -104.656474433708,
              50.4519254349493
            ],
            [
              -104.656494531109,
              50.4519714031091
            ],
            [
              -104.656534737931,
              50.4520266435788
            ],
            [
              -104.65647496792,
              50.4522075950159
            ],
            [
              -104.654394743772,
              50.4522078148966
            ],
            [
              -104.644751592095,
              50.4522045235511
            ],
            [
              -104.644753328076,
              50.4551526799943
            ],
            [
              -104.640961560165,
              50.4551493554201
            ],
            [
              -104.640989368052,
              50.4534890775143
            ],
            [
              -104.641180188376,
              50.4534886325553
            ],
            [
              -104.641158740332,
              50.4475169033838
            ],
            [
              -104.640997038494,
              50.4475375559714
            ],
            [
              -104.640948381026,
              50.4407066729044
            ]
          ]
        ]
      },
      "properties": {
        "name": "Cpr Annex",
        "source": "city_of_regina_gis",
        "objectid": 99,
        "shape__area": 4077251.1171875,
        "shape__length": 11709.687549590473
      }
    },
    {
      "type": "Feature",
      "geometry": {
        "type": "Polygon",
        "coordinates": [
          [
            [
              -104.549286797684,
              50.4461801701658
            ],
            [
              -104.549270026505,
              50.4437382902144
            ],
            [
              -104.549261385513,
              50.4422199926413
            ],
            [
              -104.551458177151,
              50.4422823972475
            ],
            [
              -104.551456695864,
              50.4429161572292
            ],
            [
              -104.552507079867,
              50.4429166552692
            ],
            [
              -104.552307677877,
              50.4441507533679
            ],
            [
              -104.563282304413,
              50.4456402080216
            ],
            [
              -104.563158407638,
              50.4470762851024
            ],
            [
              -104.572308631285,
              50.4471464044795
            ],
            [
              -104.572304112705,
              50.4551094137393
            ],
            [
              -104.560574365363,
              50.4551678687148
            ],
            [
              -104.560659979144,
              50.4503802870335
            ],
            [
              -104.559926624692,
              50.4503724272284
            ],
            [
              -104.559936345584,
              50.4493269486554
            ],
            [
              -104.560086611566,
              50.4493275179247
            ],
            [
              -104.560071406802,
              50.4487842576084
            ],
            [
              -104.557931498357,
              50.4487852305922
            ],
            [
              -104.557931087788,
              50.4484372713968
            ],
            [
              -104.558102784442,
              50.4484372043009
            ],
            [
              -104.55810268142,
              50.448327573272
            ],
            [
              -104.557930985613,
              50.4483276403705
            ],
            [
              -104.557930963866,
              50.4483047230722
            ],
            [
              -104.555789273434,
              50.4482965640807
            ],
            [
              -104.555801852611,
              50.447643494684
            ],
            [
              -104.555801580185,
              50.4474625462604
            ],
            [
              -104.552169151097,
              50.4474643658783
            ],
            [
              -104.552168248996,
              50.4483303275462
            ],
            [
              -104.549291351002,
              50.4483316484883
            ],
            [
              -104.549297292808,
              50.4477081833126
            ],
            [
              -104.549286797684,
              50.4461801701658
            ]
          ]
        ]
      },
      "properties": {
        "name": "Glen Elm Park",
        "source": "city_of_regina_gis",
        "objectid": 101,
        "shape__area": 2824824.9375,
        "shape__length": 9808.787130136114
      }
    },
    {
      "type": "Feature",
      "geometry": {
        "type": "Polygon",
        "coordinates": [
          [
            [
              -104.640935191038,
              50.4114615241981
            ],
            [
              -104.640951765179,
              50.4159010147921
            ],
            [
              -104.640961649109,
              50.4185383251074
            ],
            [
              -104.640962267537,
              50.4187030867616
            ],
            [
              -104.62685703853,
              50.4187128420546
            ],
            [
              -104.61999704325,
              50.418717015426
            ],
            [
              -104.618094363018,
              50.4187181057143
            ],
            [
              -104.618015438051,
              50.4187178460548
            ],
            [
              -104.61806114737,
              50.4113884555072
            ],
            [
              -104.640935191038,
              50.4114615241981
            ]
          ]
        ]
      },
      "properties": {
        "name": "Parliament Place",
        "source": "city_of_regina_gis",
        "objectid": 102,
        "shape__area": 3246148.625,
        "shape__length": 7646.278589550114
      }
    },
    {
      "type": "Feature",
      "geometry": {
        "type": "Polygon",
        "coordinates": [
          [
            [
              -104.526176808251,
              50.4253359338303
            ],
            [
              -104.526156219679,
              50.4198334995418
            ],
            [
              -104.526432419166,
              50.4199800544436
            ],
            [
              -104.526426236912,
              50.4192768452727
            ],
            [
              -104.537956847287,
              50.4246748171735
            ],
            [
              -104.533476472139,
              50.4270749135846
            ],
            [
              -104.533411782324,
              50.4270369844701
            ],
            [
              -104.533353708777,
              50.4270042448109
            ],
            [
              -104.533294749495,
              50.4269721574438
            ],
            [
              -104.533234922848,
              50.4269407325139
            ],
            [
              -104.533174246767,
              50.4269099790132
            ],
            [
              -104.533112739626,
              50.426879906799
            ],
            [
              -104.533050420254,
              50.4268505251549
            ],
            [
              -104.532987307941,
              50.426821842215
            ],
            [
              -104.532923421515,
              50.4267938675509
            ],
            [
              -104.532858780714,
              50.4267666092986
            ],
            [
              -104.532793405279,
              50.4267400758821
            ],
            [
              -104.532727314499,
              50.4267142754356
            ],
            [
              -104.532658486133,
              50.4266884645317
            ],
            [
              -104.53254446659,
              50.4266480094316
            ],
            [
              -104.532475893709,
              50.4266250048253
            ],
            [
              -104.532406702442,
              50.4266027678201
            ],
            [
              -104.53233691434,
              50.4265813056965
            ],
            [
              -104.532266550511,
              50.4265606248695
            ],
            [
              -104.532195632513,
              50.4265407317562
            ],
            [
              -104.529846864074,
              50.425974254936
            ],
            [
              -104.527663501662,
              50.4254489768432
            ],
            [
              -104.527582228658,
              50.4254304211314
            ],
            [
              -104.527535688416,
              50.4254205963672
            ],
            [
              -104.527488887581,
              50.4254112920022
            ],
            [
              -104.527441839188,
              50.4254025109671
            ],
            [
              -104.527394558077,
              50.4253942556241
            ],
            [
              -104.527347058638,
              50.4253865286215
            ],
            [
              -104.527299355709,
              50.4253793326094
            ],
            [
              -104.527251462785,
              50.4253726693692
            ],
            [
              -104.527203395612,
              50.4253665409791
            ],
            [
              -104.527155168133,
              50.4253609495102
            ],
            [
              -104.527106795649,
              50.4253558964634
            ],
            [
              -104.527058292105,
              50.4253513836218
            ],
            [
              -104.527009672357,
              50.4253474119092
            ],
            [
              -104.526960952154,
              50.4253439831161
            ],
            [
              -104.526912145002,
              50.4253410978729
            ],
            [
              -104.526863267106,
              50.4253387573966
            ],
            [
              -104.526814332425,
              50.4253369620316
            ],
            [
              -104.526765355819,
              50.4253357124139
            ],
            [
              -104.526716353046,
              50.4253350091832
            ],
            [
              -104.52666733807,
              50.4253348523961
            ],
            [
              -104.526176808251,
              50.4253359338303
            ]
          ]
        ]
      },
      "properties": {
        "name": "Woodland Grove",
        "source": "city_of_regina_gis",
        "objectid": 103,
        "shape__area": 922502.875,
        "shape__length": 4247.291104544679
      }
    },
    {
      "type": "Feature",
      "geometry": {
        "type": "Polygon",
        "coordinates": [
          [
            [
              -104.641032365225,
              50.4755966229748
            ],
            [
              -104.636828462602,
              50.4755969701823
            ],
            [
              -104.636826262892,
              50.4738663878325
            ],
            [
              -104.639712413221,
              50.4738653324883
            ],
            [
              -104.639710320003,
              50.4723139869199
            ],
            [
              -104.639087291374,
              50.4723138464766
            ],
            [
              -104.639087169931,
              50.4721082718572
            ],
            [
              -104.637643869008,
              50.4721082554741
            ],
            [
              -104.637641364244,
              50.4698079594348
            ],
            [
              -104.635376464219,
              50.4698081160326
            ],
            [
              -104.635380218209,
              50.4707642022202
            ],
            [
              -104.634756101278,
              50.470764210138
            ],
            [
              -104.634753486708,
              50.4698081260544
            ],
            [
              -104.631330707314,
              50.4698090702877
            ],
            [
              -104.631332444576,
              50.470561995685
            ],
            [
              -104.630426499881,
              50.4705624417031
            ],
            [
              -104.630425710328,
              50.4703570317707
            ],
            [
              -104.628982468395,
              50.4703568332926
            ],
            [
              -104.628980756444,
              50.4694184055216
            ],
            [
              -104.629785017373,
              50.4694209745046
            ],
            [
              -104.63853053509,
              50.4694486197207
            ],
            [
              -104.640994470072,
              50.4694450037985
            ],
            [
              -104.641032365225,
              50.4755966229748
            ]
          ]
        ]
      },
      "properties": {
        "name": "Premier Place",
        "source": "city_of_regina_gis",
        "objectid": 104,
        "shape__area": 466573.234375,
        "shape__length": 6075.277942602227
      }
    },
    {
      "type": "Feature",
      "geometry": {
        "type": "Polygon",
        "coordinates": [
          [
            [
              -104.572311884844,
              50.4414154172317
            ],
            [
              -104.572316437906,
              50.4334086908058
            ],
            [
              -104.572316056258,
              50.4331685824555
            ],
            [
              -104.577886584081,
              50.433181877765
            ],
            [
              -104.57790155836,
              50.4361392233492
            ],
            [
              -104.582210668315,
              50.4361133396991
            ],
            [
              -104.582239811458,
              50.4377176101716
            ],
            [
              -104.580603411407,
              50.4377008178845
            ],
            [
              -104.580603876859,
              50.4382098254396
            ],
            [
              -104.579154700738,
              50.4382100634961
            ],
            [
              -104.579162628318,
              50.4394326578523
            ],
            [
              -104.578540619899,
              50.4394330077826
            ],
            [
              -104.578540730944,
              50.4404147216457
            ],
            [
              -104.577885108429,
              50.4404123386816
            ],
            [
              -104.577902446507,
              50.4408964182172
            ],
            [
              -104.578003971601,
              50.4408898866793
            ],
            [
              -104.577974524,
              50.444194189229
            ],
            [
              -104.572311884844,
              50.4414154172317
            ]
          ]
        ]
      },
      "properties": {
        "name": "Assiniboia East",
        "source": "city_of_regina_gis",
        "objectid": 105,
        "shape__area": 1251634.90625,
        "shape__length": 5767.791460713679
      }
    },
    {
      "type": "Feature",
      "geometry": {
        "type": "Polygon",
        "coordinates": [
          [
            [
              -104.67595764731,
              50.4842609079704
            ],
            [
              -104.681149376753,
              50.484275331013
            ],
            [
              -104.688024494955,
              50.4842983930219
            ],
            [
              -104.688258211205,
              50.4842982827215
            ],
            [
              -104.688276109891,
              50.4882766129633
            ],
            [
              -104.688081192147,
              50.4885227063718
            ],
            [
              -104.687166973654,
              50.4915721334697
            ],
            [
              -104.68713177141,
              50.4933302132521
            ],
            [
              -104.687038971356,
              50.4933306613999
            ],
            [
              -104.675893356337,
              50.493604633695
            ],
            [
              -104.675890784005,
              50.4876812340231
            ],
            [
              -104.675629227497,
              50.4876630650604
            ],
            [
              -104.670484253079,
              50.4877449968
            ],
            [
              -104.666815587066,
              50.4881569510768
            ],
            [
              -104.664124732924,
              50.4881492003335
            ],
            [
              -104.663909770387,
              50.4881464318597
            ],
            [
              -104.664003230612,
              50.4842057586279
            ],
            [
              -104.67030851953,
              50.4842449961967
            ],
            [
              -104.67595764731,
              50.4842609079704
            ]
          ]
        ]
      },
      "properties": {
        "name": "Sherwood Estates",
        "source": "city_of_regina_gis",
        "objectid": 106,
        "shape__area": 2982715.296875,
        "shape__length": 8613.556293108852
      }
    },
    {
      "type": "Feature",
      "geometry": {
        "type": "Polygon",
        "coordinates": [
          [
            [
              -104.538883201361,
              50.4449942587065
            ],
            [
              -104.537790048805,
              50.4440764857915
            ],
            [
              -104.537793241628,
              50.4418057937312
            ],
            [
              -104.537794953548,
              50.4405919618602
            ],
            [
              -104.540187722904,
              50.4405946121359
            ],
            [
              -104.540440923017,
              50.4405953429679
            ],
            [
              -104.545578702974,
              50.4406009057893
            ],
            [
              -104.549249260178,
              50.4407005291534
            ],
            [
              -104.549261385513,
              50.4422199926413
            ],
            [
              -104.549270026505,
              50.4437382902144
            ],
            [
              -104.549286797684,
              50.4461801701658
            ],
            [
              -104.547844701792,
              50.4461745682336
            ],
            [
              -104.547371438026,
              50.4462782711222
            ],
            [
              -104.546849502638,
              50.4465325619538
            ],
            [
              -104.546268602057,
              50.4467790813417
            ],
            [
              -104.545156768989,
              50.4467915013573
            ],
            [
              -104.544140945672,
              50.446793657673
            ],
            [
              -104.54401578626,
              50.4448673219482
            ],
            [
              -104.544014559565,
              50.4448579818323
            ],
            [
              -104.538883201361,
              50.4449942587065
            ]
          ]
        ]
      },
      "properties": {
        "name": "River Bend",
        "source": "city_of_regina_gis",
        "objectid": 108,
        "shape__area": 1115173.4375,
        "shape__length": 4558.121112092412
      }
    },
    {
      "type": "Feature",
      "geometry": {
        "type": "Polygon",
        "coordinates": [
          [
            [
              -104.634059661037,
              50.4267439655109
            ],
            [
              -104.634010245118,
              50.4266476745536
            ],
            [
              -104.632972494106,
              50.4259056878668
            ],
            [
              -104.63165276285,
              50.4251627943078
            ],
            [
              -104.630926540464,
              50.424259630709
            ],
            [
              -104.629972914186,
              50.4235899574541
            ],
            [
              -104.628198834301,
              50.423259963046
            ],
            [
              -104.62707550326,
              50.4226617874866
            ],
            [
              -104.626768423628,
              50.4222644241693
            ],
            [
              -104.626885474494,
              50.4217242925038
            ],
            [
              -104.626744620049,
              50.4217058216408
            ],
            [
              -104.626619791358,
              50.4196514839502
            ],
            [
              -104.62690191311,
              50.4196343776085
            ],
            [
              -104.62685703853,
              50.4187128420546
            ],
            [
              -104.640962267537,
              50.4187030867616
            ],
            [
              -104.640979925018,
              50.4234067523027
            ],
            [
              -104.640992917128,
              50.4268677619451
            ],
            [
              -104.636411983838,
              50.4268715786854
            ],
            [
              -104.634749547262,
              50.4276421995814
            ],
            [
              -104.634085702894,
              50.4268455625938
            ],
            [
              -104.634059661037,
              50.4267439655109
            ]
          ]
        ]
      },
      "properties": {
        "name": "Lakeview South",
        "source": "city_of_regina_gis",
        "objectid": 109,
        "shape__area": 1911658.484375,
        "shape__length": 5743.055498233151
      }
    },
    {
      "type": "Feature",
      "geometry": {
        "type": "Polygon",
        "coordinates": [
          [
            [
              -104.600577989048,
              50.48071340775
            ],
            [
              -104.600569261702,
              50.4788689521123
            ],
            [
              -104.602020334545,
              50.4788901660504
            ],
            [
              -104.602035904433,
              50.4770381353455
            ],
            [
              -104.606530203867,
              50.4770271631143
            ],
            [
              -104.606499390191,
              50.4807335713308
            ],
            [
              -104.600577989048,
              50.48071340775
            ]
          ]
        ]
      },
      "properties": {
        "name": "Churchill Downs",
        "source": "city_of_regina_gis",
        "objectid": 110,
        "shape__area": 374694.0234375,
        "shape__length": 2616.0691251741614
      }
    },
    {
      "type": "Feature",
      "geometry": {
        "type": "Polygon",
        "coordinates": [
          [
            [
              -104.583647610725,
              50.4331953685768
            ],
            [
              -104.583864341799,
              50.4331958704462
            ],
            [
              -104.584444801634,
              50.4332034545545
            ],
            [
              -104.584985347867,
              50.4332883724191
            ],
            [
              -104.585363313042,
              50.4334445206914
            ],
            [
              -104.585762000132,
              50.4336092272607
            ],
            [
              -104.586472378837,
              50.4340819588779
            ],
            [
              -104.587119266013,
              50.4343885104779
            ],
            [
              -104.587529800448,
              50.4344867802281
            ],
            [
              -104.588092700446,
              50.4345471430346
            ],
            [
              -104.588234173361,
              50.4345549547389
            ],
            [
              -104.588512409835,
              50.4345903790259
            ],
            [
              -104.588629771891,
              50.434668613698
            ],
            [
              -104.588632425442,
              50.4372472042099
            ],
            [
              -104.588717760687,
              50.4372473279932
            ],
            [
              -104.588718127372,
              50.4377283239971
            ],
            [
              -104.584306759204,
              50.437721058266
            ],
            [
              -104.584306444299,
              50.4372490817018
            ],
            [
              -104.584392766996,
              50.4372490326037
            ],
            [
              -104.584393694362,
              50.4355402896352
            ],
            [
              -104.583626987469,
              50.4355394021292
            ],
            [
              -104.583647610725,
              50.4331953685768
            ]
          ]
        ]
      },
      "properties": {
        "name": "Arnheim Place",
        "source": "city_of_regina_gis",
        "objectid": 111,
        "shape__area": 344149.90625,
        "shape__length": 2557.6330655997494
      }
    },
    {
      "type": "Feature",
      "geometry": {
        "type": "Polygon",
        "coordinates": [
          [
            [
              -104.629677492072,
              50.4283241977563
            ],
            [
              -104.629686001559,
              50.4278230350227
            ],
            [
              -104.624693931806,
              50.4278249685389
            ],
            [
              -104.62467616756,
              50.4265096674765
            ],
            [
              -104.623999737975,
              50.4264534237822
            ],
            [
              -104.623912837061,
              50.4267414143552
            ],
            [
              -104.621036457131,
              50.426696012405
            ],
            [
              -104.621088068847,
              50.4234199603809
            ],
            [
              -104.621090696139,
              50.4232530007564
            ],
            [
              -104.621363007611,
              50.4220847408763
            ],
            [
              -104.621351907054,
              50.4216584766772
            ],
            [
              -104.621238105246,
              50.4213801305681
            ],
            [
              -104.621041952579,
              50.4205177675979
            ],
            [
              -104.620541560828,
              50.4196173475896
            ],
            [
              -104.61999704325,
              50.418717015426
            ],
            [
              -104.62685703853,
              50.4187128420546
            ],
            [
              -104.62690191311,
              50.4196343776085
            ],
            [
              -104.626619791358,
              50.4196514839502
            ],
            [
              -104.626744620049,
              50.4217058216408
            ],
            [
              -104.626885474494,
              50.4217242925038
            ],
            [
              -104.626768423628,
              50.4222644241693
            ],
            [
              -104.62707550326,
              50.4226617874866
            ],
            [
              -104.628198834301,
              50.423259963046
            ],
            [
              -104.629972914186,
              50.4235899574541
            ],
            [
              -104.630926540464,
              50.424259630709
            ],
            [
              -104.63165276285,
              50.4251627943078
            ],
            [
              -104.632972494106,
              50.4259056878668
            ],
            [
              -104.634010245118,
              50.4266476745536
            ],
            [
              -104.634059661037,
              50.4267439655109
            ],
            [
              -104.633729109806,
              50.4268737877221
            ],
            [
              -104.632863454804,
              50.427224422055
            ],
            [
              -104.631929978471,
              50.4277585904953
            ],
            [
              -104.63121951116,
              50.428067300738
            ],
            [
              -104.630222049548,
              50.4282902784889
            ],
            [
              -104.629677492072,
              50.4283241977563
            ]
          ]
        ]
      },
      "properties": {
        "name": "Lakeview Centre",
        "source": "city_of_regina_gis",
        "objectid": 112,
        "shape__area": 1423803.9609375,
        "shape__length": 5908.0210606601795
      }
    },
    {
      "type": "Feature",
      "geometry": {
        "type": "Polygon",
        "coordinates": [
          [
            [
              -104.595232520774,
              50.4114125461245
            ],
            [
              -104.60722163544,
              50.4113926886672
            ],
            [
              -104.607217813111,
              50.4118547438496
            ],
            [
              -104.609044494058,
              50.4118730640963
            ],
            [
              -104.609036577489,
              50.4105233149541
            ],
            [
              -104.616058236017,
              50.4105102278205
            ],
            [
              -104.616035372422,
              50.4109843772803
            ],
            [
              -104.615455497017,
              50.410982461847
            ],
            [
              -104.615464970061,
              50.4113798992794
            ],
            [
              -104.61806114737,
              50.4113884555072
            ],
            [
              -104.618015438051,
              50.4187178460548
            ],
            [
              -104.618094363018,
              50.4187181057143
            ],
            [
              -104.618096865569,
              50.4187181139284
            ],
            [
              -104.618083269183,
              50.4233797507719
            ],
            [
              -104.601616962882,
              50.4233245593131
            ],
            [
              -104.601673958806,
              50.424990944973
            ],
            [
              -104.601586830152,
              50.4256181632587
            ],
            [
              -104.601088790887,
              50.4264357153903
            ],
            [
              -104.60030621686,
              50.42747807833
            ],
            [
              -104.597703352464,
              50.4261778510189
            ],
            [
              -104.595936241416,
              50.4249695248694
            ],
            [
              -104.595315974503,
              50.4241436289793
            ],
            [
              -104.594286296047,
              50.4222921895962
            ],
            [
              -104.593673510645,
              50.4205980379909
            ],
            [
              -104.593863149969,
              50.4187953678996
            ],
            [
              -104.594999436615,
              50.4163058286865
            ],
            [
              -104.595639133632,
              50.4148386690351
            ],
            [
              -104.595997409896,
              50.4136822175752
            ],
            [
              -104.595629334819,
              50.4118998661053
            ],
            [
              -104.595232520774,
              50.4114125461245
            ]
          ]
        ]
      },
      "properties": {
        "name": "Hillsdale",
        "source": "city_of_regina_gis",
        "objectid": 113,
        "shape__area": 5865710.109375,
        "shape__length": 10949.59739964566
      }
    },
    {
      "type": "Feature",
      "geometry": {
        "type": "Polygon",
        "coordinates": [
          [
            [
              -104.551668037143,
              50.4313076892198
            ],
            [
              -104.54113387495,
              50.4261576522804
            ],
            [
              -104.540956414679,
              50.4260748296399
            ],
            [
              -104.541795567584,
              50.4253621840689
            ],
            [
              -104.542230396819,
              50.4249766159057
            ],
            [
              -104.542939242747,
              50.4259421156097
            ],
            [
              -104.543055810745,
              50.4259422139899
            ],
            [
              -104.543122092485,
              50.4260325888711
            ],
            [
              -104.547044185653,
              50.4260324593502
            ],
            [
              -104.548150237178,
              50.4265137745549
            ],
            [
              -104.548746225473,
              50.4260065186358
            ],
            [
              -104.549148635187,
              50.4261984776646
            ],
            [
              -104.549279648578,
              50.4261989855171
            ],
            [
              -104.549303953759,
              50.4236404686814
            ],
            [
              -104.550863307949,
              50.4236188324398
            ],
            [
              -104.551265014829,
              50.4233386077283
            ],
            [
              -104.556492379225,
              50.4258409609677
            ],
            [
              -104.557078843226,
              50.4260176284886
            ],
            [
              -104.557561797039,
              50.4260328838039
            ],
            [
              -104.558801222069,
              50.4260182821585
            ],
            [
              -104.55868130918,
              50.4265486813122
            ],
            [
              -104.556309314776,
              50.4288282570372
            ],
            [
              -104.552883247544,
              50.428679538024
            ],
            [
              -104.55100525062,
              50.4292866557042
            ],
            [
              -104.551668037143,
              50.4313076892198
            ]
          ]
        ]
      },
      "properties": {
        "name": "University Park East",
        "source": "city_of_regina_gis",
        "objectid": 114,
        "shape__area": 1118024.9765625,
        "shape__length": 5952.889399634454
      }
    },
    {
      "type": "Feature",
      "geometry": {
        "type": "Polygon",
        "coordinates": [
          [
            [
              -104.629533509861,
              50.4916121174191
            ],
            [
              -104.629535537442,
              50.4933747275485
            ],
            [
              -104.619396056608,
              50.4933729811209
            ],
            [
              -104.61939205291,
              50.4900372742917
            ],
            [
              -104.62299242371,
              50.4900269585021
            ],
            [
              -104.622992387454,
              50.4906503767683
            ],
            [
              -104.622993623393,
              50.4906954026651
            ],
            [
              -104.62299517205,
              50.490718082378
            ],
            [
              -104.622997341615,
              50.4907407410788
            ],
            [
              -104.623000130337,
              50.4907633724304
            ],
            [
              -104.623003537821,
              50.4907859692368
            ],
            [
              -104.623007562771,
              50.490808524587
            ],
            [
              -104.623012204338,
              50.4908310318589
            ],
            [
              -104.623017461227,
              50.4908534838537
            ],
            [
              -104.623023331235,
              50.4908758739451
            ],
            [
              -104.623029813065,
              50.4908981952219
            ],
            [
              -104.623036904516,
              50.4909204410579
            ],
            [
              -104.623044603386,
              50.4909426045387
            ],
            [
              -104.623052907477,
              50.4909646787504
            ],
            [
              -104.623061814585,
              50.4909866573545
            ],
            [
              -104.623071321155,
              50.4910085334322
            ],
            [
              -104.623081424989,
              50.4910303000696
            ],
            [
              -104.623092122526,
              50.4910519512115
            ],
            [
              -104.623103410666,
              50.4910734796528
            ],
            [
              -104.6231152863,
              50.49109487934
            ],
            [
              -104.623127745873,
              50.4911161436422
            ],
            [
              -104.623140784927,
              50.4911372659258
            ],
            [
              -104.623154399907,
              50.4911582395599
            ],
            [
              -104.623168586799,
              50.4911790587756
            ],
            [
              -104.623183340695,
              50.4911997166499
            ],
            [
              -104.623198658037,
              50.4912202071276
            ],
            [
              -104.623214533459,
              50.4912405241476
            ],
            [
              -104.623230962052,
              50.4912606610747
            ],
            [
              -104.623247939351,
              50.4912806121385
            ],
            [
              -104.623265459543,
              50.4913003709886
            ],
            [
              -104.62328351816,
              50.4913199321424
            ],
            [
              -104.623302108941,
              50.4913392889602
            ],
            [
              -104.623321226064,
              50.4913584359551
            ],
            [
              -104.623340864615,
              50.4913773670673
            ],
            [
              -104.623361017872,
              50.491396076807
            ],
            [
              -104.623381680019,
              50.4914145591114
            ],
            [
              -104.623402844781,
              50.49143280878
            ],
            [
              -104.62342450544,
              50.4914508197471
            ],
            [
              -104.62344665572,
              50.4914685870999
            ],
            [
              -104.623469288449,
              50.4914861050591
            ],
            [
              -104.623492397354,
              50.4915033681362
            ],
            [
              -104.623515974804,
              50.4915203717016
            ],
            [
              -104.623540014079,
              50.4915371096899
            ],
            [
              -104.623564507095,
              50.4915535777578
            ],
            [
              -104.623589447577,
              50.4915697707046
            ],
            [
              -104.623614826992,
              50.49158568361
            ],
            [
              -104.623640637713,
              50.491601311269
            ],
            [
              -104.623666872107,
              50.491616649052
            ],
            [
              -104.624136986108,
              50.491284712043
            ],
            [
              -104.624623532939,
              50.4914939138566
            ],
            [
              -104.629538322498,
              50.4914978933309
            ],
            [
              -104.629533509861,
              50.4916121174191
            ]
          ]
        ]
      },
      "properties": {
        "name": "Englewood",
        "source": "city_of_regina_gis",
        "objectid": 118,
        "shape__area": 477284.6328125,
        "shape__length": 3431.8517771013603
      }
    },
    {
      "type": "Feature",
      "geometry": {
        "type": "Polygon",
        "coordinates": [
          [
            [
              -104.529161749266,
              50.4551083217668
            ],
            [
              -104.532924389351,
              50.4513716931461
            ],
            [
              -104.532942569124,
              50.4513758765996
            ],
            [
              -104.53726305243,
              50.4533670188246
            ],
            [
              -104.537539432941,
              50.4533674998239
            ],
            [
              -104.53752980302,
              50.4551334728694
            ],
            [
              -104.53273230836,
              50.455119123919
            ],
            [
              -104.529161749266,
              50.4551083217668
            ]
          ]
        ]
      },
      "properties": {
        "name": "Eastpointe Estates",
        "source": "city_of_regina_gis",
        "objectid": 119,
        "shape__area": 379538.734375,
        "shape__length": 2642.9791992584687
      }
    },
    {
      "type": "Feature",
      "geometry": {
        "type": "Polygon",
        "coordinates": [
          [
            [
              -104.664003230612,
              50.4842057586279
            ],
            [
              -104.664003027037,
              50.4841877771355
            ],
            [
              -104.663898382882,
              50.474933515556
            ],
            [
              -104.669146151991,
              50.4693362856428
            ],
            [
              -104.674152912737,
              50.4693342406466
            ],
            [
              -104.675838962669,
              50.4721699294104
            ],
            [
              -104.675902315655,
              50.4723840873349
            ],
            [
              -104.675867196213,
              50.47271310889
            ],
            [
              -104.67595764731,
              50.4842609079704
            ],
            [
              -104.67030851953,
              50.4842449961967
            ],
            [
              -104.664003230612,
              50.4842057586279
            ]
          ]
        ]
      },
      "properties": {
        "name": "Normanview West",
        "source": "city_of_regina_gis",
        "objectid": 120,
        "shape__area": 3139941.4375,
        "shape__length": 7296.416755703504
      }
    },
    {
      "type": "Feature",
      "geometry": {
        "type": "Polygon",
        "coordinates": [
          [
            [
              -104.664055406713,
              50.4957716507669
            ],
            [
              -104.664072144269,
              50.4939357314762
            ],
            [
              -104.664124732924,
              50.4881492003335
            ],
            [
              -104.666815587066,
              50.4881569510768
            ],
            [
              -104.670484253079,
              50.4877449968
            ],
            [
              -104.675629227497,
              50.4876630650604
            ],
            [
              -104.675890784005,
              50.4876812340231
            ],
            [
              -104.675893356337,
              50.493604633695
            ],
            [
              -104.675893952127,
              50.4948400575111
            ],
            [
              -104.673217613632,
              50.4948325738352
            ],
            [
              -104.67222172302,
              50.4949884232467
            ],
            [
              -104.670332353829,
              50.4954722563931
            ],
            [
              -104.669107817171,
              50.4957199773765
            ],
            [
              -104.667056203022,
              50.4956876906724
            ],
            [
              -104.665107853144,
              50.4957085542282
            ],
            [
              -104.664350369139,
              50.4957697126541
            ],
            [
              -104.664055406713,
              50.4957716507669
            ]
          ]
        ]
      },
      "properties": {
        "name": "Mccarthy Park",
        "source": "city_of_regina_gis",
        "objectid": 122,
        "shape__area": 1717814.46875,
        "shape__length": 5247.955781061708
      }
    },
    {
      "type": "Feature",
      "geometry": {
        "type": "Polygon",
        "coordinates": [
          [
            [
              -104.57231748022,
              50.4259784685251
            ],
            [
              -104.574127255813,
              50.4259730126394
            ],
            [
              -104.570142430518,
              50.4303326807847
            ],
            [
              -104.567353985906,
              50.4332877402755
            ],
            [
              -104.566508687061,
              50.4341834504463
            ],
            [
              -104.563878847544,
              50.4365721111327
            ],
            [
              -104.563356748104,
              50.4370197138854
            ],
            [
              -104.555867260328,
              50.4333600652068
            ],
            [
              -104.551668037143,
              50.4313076892198
            ],
            [
              -104.55100525062,
              50.4292866557042
            ],
            [
              -104.552883247544,
              50.428679538024
            ],
            [
              -104.556309314776,
              50.4288282570372
            ],
            [
              -104.55868130918,
              50.4265486813122
            ],
            [
              -104.558801222069,
              50.4260182821585
            ],
            [
              -104.560719936591,
              50.4260127295009
            ],
            [
              -104.57231748022,
              50.4259784685251
            ]
          ]
        ]
      },
      "properties": {
        "name": "University Park",
        "source": "city_of_regina_gis",
        "objectid": 123,
        "shape__area": 2740576.140625,
        "shape__length": 7169.232792057917
      }
    },
    {
      "type": "Feature",
      "geometry": {
        "type": "Polygon",
        "coordinates": [
          [
            [
              -104.563356748104,
              50.4370197138854
            ],
            [
              -104.572311884844,
              50.4414154172317
            ],
            [
              -104.572308631285,
              50.4471464044795
            ],
            [
              -104.563158407638,
              50.4470762851024
            ],
            [
              -104.563282304413,
              50.4456402080216
            ],
            [
              -104.563389405237,
              50.4443987343848
            ],
            [
              -104.563047617107,
              50.441865662208
            ],
            [
              -104.561919749378,
              50.4397294104902
            ],
            [
              -104.561828371355,
              50.4383299466384
            ],
            [
              -104.563356748104,
              50.4370197138854
            ]
          ]
        ]
      },
      "properties": {
        "name": "Glen Elm Park S.",
        "source": "city_of_regina_gis",
        "objectid": 124,
        "shape__area": 1482740.71875,
        "shape__length": 5116.272832960504
      }
    },
    {
      "type": "Feature",
      "geometry": {
        "type": "Polygon",
        "coordinates": [
          [
            [
              -104.567353985906,
              50.4332877402755
            ],
            [
              -104.570142430518,
              50.4303326807847
            ],
            [
              -104.574127255813,
              50.4259730126394
            ],
            [
              -104.583928045468,
              50.4259431286624
            ],
            [
              -104.583864341799,
              50.4331958704462
            ],
            [
              -104.583647610725,
              50.4331953685768
            ],
            [
              -104.577886584081,
              50.433181877765
            ],
            [
              -104.572316056258,
              50.4331685824555
            ],
            [
              -104.572316437906,
              50.4334086908058
            ],
            [
              -104.570107119892,
              50.433403349586
            ],
            [
              -104.570107583543,
              50.433325431668
            ],
            [
              -104.569308848758,
              50.4333234902404
            ],
            [
              -104.569309033358,
              50.4332925152564
            ],
            [
              -104.567353985906,
              50.4332877402755
            ]
          ]
        ]
      },
      "properties": {
        "name": "Douglas Place",
        "source": "city_of_regina_gis",
        "objectid": 126,
        "shape__area": 1853074.796875,
        "shape__length": 5741.5893772858535
      }
    },
    {
      "type": "Feature",
      "geometry": {
        "type": "Polygon",
        "coordinates": [
          [
            [
              -104.652481468571,
              50.4598897978557
            ],
            [
              -104.652473210878,
              50.4588230106407
            ],
            [
              -104.651734035303,
              50.4588238999961
            ],
            [
              -104.651726466747,
              50.4598505453192
            ],
            [
              -104.651199478494,
              50.459850415016
            ],
            [
              -104.650915877906,
              50.4598508226546
            ],
            [
              -104.650915903047,
              50.4597139436329
            ],
            [
              -104.650379418501,
              50.4597142200081
            ],
            [
              -104.650379672179,
              50.4595086320273
            ],
            [
              -104.649757671607,
              50.4595089188454
            ],
            [
              -104.649758016749,
              50.4592343518291
            ],
            [
              -104.64947499684,
              50.4592326899446
            ],
            [
              -104.648939632543,
              50.4592343127769
            ],
            [
              -104.648939903099,
              50.4590272858877
            ],
            [
              -104.648318742797,
              50.4590290965613
            ],
            [
              -104.648318849337,
              50.4587687386138
            ],
            [
              -104.647466946817,
              50.4587682281754
            ],
            [
              -104.646586462786,
              50.4584809836143
            ],
            [
              -104.645008624292,
              50.4584806078103
            ],
            [
              -104.644725870872,
              50.4584815431195
            ],
            [
              -104.643556618554,
              50.4584802046727
            ],
            [
              -104.643556165212,
              50.4584167158212
            ],
            [
              -104.640954313887,
              50.458408689102
            ],
            [
              -104.640961560165,
              50.4551493554201
            ],
            [
              -104.644753328076,
              50.4551526799943
            ],
            [
              -104.662597811558,
              50.4551888559503
            ],
            [
              -104.662594000645,
              50.4557237319959
            ],
            [
              -104.661898042663,
              50.4557246387617
            ],
            [
              -104.661915220217,
              50.4567518280851
            ],
            [
              -104.661915135641,
              50.456894358556
            ],
            [
              -104.659716998413,
              50.4568595945902
            ],
            [
              -104.659725104169,
              50.4557319576603
            ],
            [
              -104.655397861006,
              50.4557192103555
            ],
            [
              -104.655354774716,
              50.4583902267399
            ],
            [
              -104.653453231962,
              50.4583873251356
            ],
            [
              -104.653288012265,
              50.4583781352439
            ],
            [
              -104.653276840083,
              50.4599005432508
            ],
            [
              -104.652481468571,
              50.4598897978557
            ]
          ]
        ]
      },
      "properties": {
        "name": "Belvedere",
        "source": "city_of_regina_gis",
        "objectid": 78,
        "shape__area": 1150135.515625,
        "shape__length": 7189.981477704979
      }
    },
    {
      "type": "Feature",
      "geometry": {
        "type": "Polygon",
        "coordinates": [
          [
            [
              -104.595189440383,
              50.4627244097742
            ],
            [
              -104.595231372953,
              50.4693059739252
            ],
            [
              -104.583571648993,
              50.4692335176221
            ],
            [
              -104.583602360433,
              50.4621662528383
            ],
            [
              -104.595189357336,
              50.4622228808635
            ],
            [
              -104.595189440383,
              50.4627244097742
            ]
          ]
        ]
      },
      "properties": {
        "name": "Eastview",
        "source": "city_of_regina_gis",
        "objectid": 30,
        "shape__area": 1600774.3359375,
        "shape__length": 5062.57389814642
      }
    },
    {
      "type": "Feature",
      "geometry": {
        "type": "Polygon",
        "coordinates": [
          [
            [
              -104.663851156146,
              50.4551912939242
            ],
            [
              -104.662597811558,
              50.4551888559503
            ],
            [
              -104.644753328076,
              50.4551526799943
            ],
            [
              -104.644751592095,
              50.4522045235511
            ],
            [
              -104.654394743772,
              50.4522078148966
            ],
            [
              -104.65647496792,
              50.4522075950159
            ],
            [
              -104.656453521976,
              50.4522258367662
            ],
            [
              -104.656423686131,
              50.4522435829227
            ],
            [
              -104.656375708344,
              50.4522632586549
            ],
            [
              -104.656328635374,
              50.4522766854163
            ],
            [
              -104.656283685847,
              50.4522884365959
            ],
            [
              -104.656205878124,
              50.4523063506657
            ],
            [
              -104.656145616893,
              50.4523231999095
            ],
            [
              -104.656100796803,
              50.4523340583941
            ],
            [
              -104.656001310102,
              50.4523783036213
            ],
            [
              -104.655950198567,
              50.4523968938749
            ],
            [
              -104.655899959244,
              50.4524224384965
            ],
            [
              -104.655863331248,
              50.4524448855916
            ],
            [
              -104.655832996029,
              50.4524758076528
            ],
            [
              -104.65580188492,
              50.452512086315
            ],
            [
              -104.655786162353,
              50.4525459723428
            ],
            [
              -104.655770812015,
              50.4525837820221
            ],
            [
              -104.655759380976,
              50.452630226865
            ],
            [
              -104.655757468879,
              50.4526661291157
            ],
            [
              -104.65576231594,
              50.4527105342035
            ],
            [
              -104.655779953151,
              50.4527412884768
            ],
            [
              -104.655801491523,
              50.4527710726397
            ],
            [
              -104.655831341713,
              50.4527986467041
            ],
            [
              -104.655865368483,
              50.4528168633037
            ],
            [
              -104.655947190985,
              50.4528718174959
            ],
            [
              -104.655987268455,
              50.4528936930429
            ],
            [
              -104.656015131533,
              50.4529025417168
            ],
            [
              -104.65607102332,
              50.4529385566747
            ],
            [
              -104.65611687326,
              50.4529591366338
            ],
            [
              -104.65619038882,
              50.4529860355407
            ],
            [
              -104.656277331709,
              50.4530196539095
            ],
            [
              -104.656400033473,
              50.4530603805424
            ],
            [
              -104.656477102252,
              50.4530873412719
            ],
            [
              -104.656567985965,
              50.4531119480331
            ],
            [
              -104.656638239975,
              50.4531319799029
            ],
            [
              -104.656780354142,
              50.4531701255391
            ],
            [
              -104.656852306634,
              50.4531979696929
            ],
            [
              -104.656944657889,
              50.4532238985558
            ],
            [
              -104.65701667017,
              50.4532384478351
            ],
            [
              -104.657104333618,
              50.4532552154094
            ],
            [
              -104.657195245203,
              50.4532791733748
            ],
            [
              -104.657260618022,
              50.4532945798362
            ],
            [
              -104.657308365091,
              50.4533064365844
            ],
            [
              -104.657381882318,
              50.4533333347407
            ],
            [
              -104.657439581989,
              50.4533619032371
            ],
            [
              -104.657475032636,
              50.4533881390296
            ],
            [
              -104.657493005286,
              50.4534192592288
            ],
            [
              -104.657505048964,
              50.4534583832075
            ],
            [
              -104.657515445437,
              50.4535003971981
            ],
            [
              -104.65751706116,
              50.453545825567
            ],
            [
              -104.657519867365,
              50.4535990576482
            ],
            [
              -104.657512854706,
              50.4536443360125
            ],
            [
              -104.657521594522,
              50.453677565286
            ],
            [
              -104.657528230821,
              50.453724378299
            ],
            [
              -104.65753904239,
              50.4537566708734
            ],
            [
              -104.6575513352,
              50.453789962113
            ],
            [
              -104.657576459363,
              50.4538082351825
            ],
            [
              -104.657620594177,
              50.4538333246059
            ],
            [
              -104.657675115803,
              50.4538530822092
            ],
            [
              -104.657731473827,
              50.4538774115214
            ],
            [
              -104.657902005407,
              50.453940047523
            ],
            [
              -104.657989832424,
              50.4539649242006
            ],
            [
              -104.658077442241,
              50.4539829870783
            ],
            [
              -104.658184066873,
              50.4539958677077
            ],
            [
              -104.658324660558,
              50.4539983132012
            ],
            [
              -104.658423265717,
              50.4539967855548
            ],
            [
              -104.658510680677,
              50.453983713179
            ],
            [
              -104.658587713216,
              50.4539639741746
            ],
            [
              -104.658685168869,
              50.4539536705774
            ],
            [
              -104.658732002338,
              50.4539512420001
            ],
            [
              -104.658807042162,
              50.4539424942537
            ],
            [
              -104.658861369101,
              50.4539311160866
            ],
            [
              -104.658920950984,
              50.4539156134632
            ],
            [
              -104.658975553898,
              50.4538977542002
            ],
            [
              -104.659046462332,
              50.453854884109
            ],
            [
              -104.65909766445,
              50.4538333984803
            ],
            [
              -104.659152737634,
              50.4538045216808
            ],
            [
              -104.659211501482,
              50.4537724661068
            ],
            [
              -104.659275355205,
              50.4537401747412
            ],
            [
              -104.659317818114,
              50.4537211315002
            ],
            [
              -104.659438543005,
              50.4536535087115
            ],
            [
              -104.65950755433,
              50.4536193611123
            ],
            [
              -104.659579842552,
              50.4535917561352
            ],
            [
              -104.659627380645,
              50.4535728010121
            ],
            [
              -104.659662557953,
              50.4535578468145
            ],
            [
              -104.65970493763,
              50.4535407474851
            ],
            [
              -104.659759678005,
              50.4535196474738
            ],
            [
              -104.659816134733,
              50.4534940373459
            ],
            [
              -104.659851975191,
              50.4534635286429
            ],
            [
              -104.659881341819,
              50.4534299890188
            ],
            [
              -104.659913998576,
              50.4534026680302
            ],
            [
              -104.659968839161,
              50.4533673008294
            ],
            [
              -104.660017855504,
              50.4533136725482
            ],
            [
              -104.660060121635,
              50.4532634941027
            ],
            [
              -104.660107642915,
              50.4532091911573
            ],
            [
              -104.660147975366,
              50.4531567090436
            ],
            [
              -104.660162257708,
              50.4531402294091
            ],
            [
              -104.660177603959,
              50.4531204605831
            ],
            [
              -104.660459905587,
              50.4528018984228
            ],
            [
              -104.660495352293,
              50.4527765196327
            ],
            [
              -104.660547450665,
              50.4527339704616
            ],
            [
              -104.660602093271,
              50.4527151384011
            ],
            [
              -104.660677230595,
              50.4526921223483
            ],
            [
              -104.660735578134,
              50.4526697874218
            ],
            [
              -104.660788010861,
              50.4526551326959
            ],
            [
              -104.660858248686,
              50.4526398143923
            ],
            [
              -104.660942149266,
              50.4526257062862
            ],
            [
              -104.660994954525,
              50.4526023020659
            ],
            [
              -104.661047839348,
              50.4525889522201
            ],
            [
              -104.661100879497,
              50.4525600392194
            ],
            [
              -104.661166058994,
              50.452532309813
            ],
            [
              -104.661219565295,
              50.4525043777461
            ],
            [
              -104.661270516427,
              50.4524887241817
            ],
            [
              -104.661331715054,
              50.4524709785539
            ],
            [
              -104.661377549143,
              50.4524562088141
            ],
            [
              -104.661436935058,
              50.4524452415991
            ],
            [
              -104.661525440579,
              50.4524422389755
            ],
            [
              -104.661613849676,
              50.4524415043505
            ],
            [
              -104.661710068773,
              50.4524243668517
            ],
            [
              -104.66181563734,
              50.4524262000974
            ],
            [
              -104.661879491067,
              50.4524295789284
            ],
            [
              -104.661954058599,
              50.452431846614
            ],
            [
              -104.662021561599,
              50.4524330188471
            ],
            [
              -104.662106266212,
              50.4524357866953
            ],
            [
              -104.662208748718,
              50.452438539029
            ],
            [
              -104.66229321851,
              50.4524468154759
            ],
            [
              -104.662362655112,
              50.4524502911103
            ],
            [
              -104.662451119413,
              50.4524482598116
            ],
            [
              -104.662520090165,
              50.4524507543701
            ],
            [
              -104.662599498281,
              50.4524586184811
            ],
            [
              -104.662745692451,
              50.4524845048589
            ],
            [
              -104.662813275539,
              50.4524957307437
            ],
            [
              -104.662903460334,
              50.4525248606059
            ],
            [
              -104.663022068212,
              50.4525544833745
            ],
            [
              -104.663084027026,
              50.4525665843841
            ],
            [
              -104.663134899822,
              50.4525885459896
            ],
            [
              -104.663175718317,
              50.4526080630682
            ],
            [
              -104.663240899048,
              50.4526280025951
            ],
            [
              -104.663333390649,
              50.4526506863004
            ],
            [
              -104.663399569819,
              50.4526829661037
            ],
            [
              -104.663469495066,
              50.4527107709481
            ],
            [
              -104.663539337638,
              50.4527405200956
            ],
            [
              -104.663590194668,
              50.4527748039675
            ],
            [
              -104.663627460622,
              50.4527942591035
            ],
            [
              -104.663668086413,
              50.4528183127191
            ],
            [
              -104.663719833805,
              50.4528555305166
            ],
            [
              -104.663738224545,
              50.4528769283248
            ],
            [
              -104.663761359242,
              50.4529061909838
            ],
            [
              -104.663770475888,
              50.4529306706793
            ],
            [
              -104.663777504404,
              50.4529684099346
            ],
            [
              -104.66378207221,
              50.4530281578711
            ],
            [
              -104.663781760255,
              50.4530712825942
            ],
            [
              -104.663776728919,
              50.4531178926105
            ],
            [
              -104.663761152154,
              50.4531497267602
            ],
            [
              -104.663700579806,
              50.4531885631466
            ],
            [
              -104.663607071684,
              50.4532255309559
            ],
            [
              -104.663554073466,
              50.4532534727801
            ],
            [
              -104.66351493134,
              50.4532780880971
            ],
            [
              -104.663476594417,
              50.4533195801846
            ],
            [
              -104.663453950043,
              50.4533623174283
            ],
            [
              -104.663459317494,
              50.4534032705189
            ],
            [
              -104.663478430813,
              50.4534434894946
            ],
            [
              -104.663494363413,
              50.4534748975592
            ],
            [
              -104.663508497228,
              50.4535127598242
            ],
            [
              -104.663501024402,
              50.4535570575836
            ],
            [
              -104.663476581569,
              50.4536062493214
            ],
            [
              -104.663461042965,
              50.4536491098516
            ],
            [
              -104.663432897769,
              50.4536898057295
            ],
            [
              -104.663434615946,
              50.4537329656724
            ],
            [
              -104.663439556041,
              50.4537839644949
            ],
            [
              -104.663454040633,
              50.453849397301
            ],
            [
              -104.663471258517,
              50.453898339118
            ],
            [
              -104.663471007125,
              50.4539758391428
            ],
            [
              -104.663460543887,
              50.4540187877322
            ],
            [
              -104.663421152341,
              50.454049235758
            ],
            [
              -104.663352046408,
              50.4540856540329
            ],
            [
              -104.663303847138,
              50.454120164858
            ],
            [
              -104.663226250465,
              50.4541531928121
            ],
            [
              -104.663128643839,
              50.4541670648926
            ],
            [
              -104.663062329746,
              50.454173696954
            ],
            [
              -104.662985684577,
              50.4541843655067
            ],
            [
              -104.662895104249,
              50.4541883063144
            ],
            [
              -104.662823658938,
              50.4541961464761
            ],
            [
              -104.66270937464,
              50.4541961085736
            ],
            [
              -104.662642144645,
              50.4541884559707
            ],
            [
              -104.662570989313,
              50.4541894909179
            ],
            [
              -104.662432424843,
              50.4541870855076
            ],
            [
              -104.662378347327,
              50.4541926326002
            ],
            [
              -104.662319805463,
              50.4542195047604
            ],
            [
              -104.662265007269,
              50.4542539007504
            ],
            [
              -104.662226682038,
              50.4542950684055
            ],
            [
              -104.66220269275,
              50.4543335664076
            ],
            [
              -104.662184791014,
              50.4543841685976
            ],
            [
              -104.662191252356,
              50.4544351937562
            ],
            [
              -104.662219770775,
              50.4544930876821
            ],
            [
              -104.662259734808,
              50.4545326959561
            ],
            [
              -104.662314103765,
              50.4545680142278
            ],
            [
              -104.662374287805,
              50.454609919257
            ],
            [
              -104.662433594939,
              50.4546485659651
            ],
            [
              -104.662501726846,
              50.4546708271214
            ],
            [
              -104.662571751313,
              50.454696364148
            ],
            [
              -104.662631334704,
              50.4547285299934
            ],
            [
              -104.662687147184,
              50.4547538202706
            ],
            [
              -104.662750573312,
              50.454779242519
            ],
            [
              -104.662813961587,
              50.4547936383124
            ],
            [
              -104.662873931605,
              50.4548167306207
            ],
            [
              -104.662961213737,
              50.4548425669139
            ],
            [
              -104.663029580942,
              50.4548593190273
            ],
            [
              -104.663191379508,
              50.4548887184288
            ],
            [
              -104.663249885159,
              50.4548984892018
            ],
            [
              -104.663310655627,
              50.4549027864379
            ],
            [
              -104.663390013252,
              50.4549119463413
            ],
            [
              -104.663455255044,
              50.4549185912584
            ],
            [
              -104.663510525211,
              50.4549208473202
            ],
            [
              -104.663592009741,
              50.4549277736688
            ],
            [
              -104.663667965904,
              50.4549333072061
            ],
            [
              -104.663737116845,
              50.4549435868011
            ],
            [
              -104.663842902456,
              50.4549720797988
            ],
            [
              -104.663851156146,
              50.4551912939242
            ]
          ]
        ]
      },
      "properties": {
        "name": "Wascana Crescents",
        "source": "city_of_regina_gis",
        "objectid": 86,
        "shape__area": 936385.078125,
        "shape__length": 5867.872178926051
      }
    },
    {
      "type": "Feature",
      "geometry": {
        "type": "Polygon",
        "coordinates": [
          [
            [
              -104.595189440383,
              50.4627244097742
            ],
            [
              -104.618070179171,
              50.462800042594
            ],
            [
              -104.6180851439,
              50.4693831258363
            ],
            [
              -104.60659410632,
              50.4693448896902
            ],
            [
              -104.595231372953,
              50.4693059739252
            ],
            [
              -104.595189440383,
              50.4627244097742
            ]
          ]
        ]
      },
      "properties": {
        "name": "Industrial Park",
        "source": "city_of_regina_gis",
        "objectid": 40,
        "shape__area": 2930389.0546875,
        "shape__length": 7393.502195311141
      }
    },
    {
      "type": "Feature",
      "geometry": {
        "type": "Polygon",
        "coordinates": [
          [
            [
              -104.687027546923,
              50.5060488418678
            ],
            [
              -104.698047977948,
              50.5060447296642
            ],
            [
              -104.698058819323,
              50.4988257609372
            ],
            [
              -104.687045207653,
              50.4988150039348
            ],
            [
              -104.687038971356,
              50.4933306613999
            ],
            [
              -104.68713177141,
              50.4933302132521
            ],
            [
              -104.687166973654,
              50.4915721334697
            ],
            [
              -104.688081192147,
              50.4885227063718
            ],
            [
              -104.688276109891,
              50.4882766129633
            ],
            [
              -104.688258211205,
              50.4842982827215
            ],
            [
              -104.698421705494,
              50.4843446622378
            ],
            [
              -104.705752477718,
              50.484346587055
            ],
            [
              -104.709984268599,
              50.48436559243
            ],
            [
              -104.709879419831,
              50.5134616694487
            ],
            [
              -104.709595625876,
              50.5134621206296
            ],
            [
              -104.709595834915,
              50.5134970174418
            ],
            [
              -104.704840752381,
              50.513498858382
            ],
            [
              -104.698307677974,
              50.5135005020487
            ],
            [
              -104.68985139135,
              50.513504315492
            ],
            [
              -104.686899126255,
              50.5133636724652
            ],
            [
              -104.687027546923,
              50.5060488418678
            ]
          ]
        ]
      },
      "properties": {
        "name": "UNDEVELOP",
        "source": "city_of_regina_gis",
        "objectid": 133,
        "shape__area": 11324575.75,
        "shape__length": 17637.696600172665
      }
    },
    {
      "type": "Feature",
      "geometry": {
        "type": "Polygon",
        "coordinates": [
          [
            [
              -104.687027546923,
              50.5060488418678
            ],
            [
              -104.687027547846,
              50.5060487876947
            ],
            [
              -104.687045207653,
              50.4988150039348
            ],
            [
              -104.698058819323,
              50.4988257609372
            ],
            [
              -104.698047977948,
              50.5060447296642
            ],
            [
              -104.687027546923,
              50.5060488418678
            ]
          ]
        ]
      },
      "properties": {
        "name": "Rosewood Park",
        "source": "city_of_regina_gis",
        "objectid": 322,
        "shape__area": 1551103.953125,
        "shape__length": 4982.3255170036255
      }
    },
    {
      "type": "Feature",
      "geometry": {
        "type": "Polygon",
        "coordinates": [
          [
            [
              -104.50355263475,
              50.42588426039
            ],
            [
              -104.503547181801,
              50.4405162320178
            ],
            [
              -104.503271448029,
              50.4452661880876
            ],
            [
              -104.500913238061,
              50.4462038739715
            ],
            [
              -104.500778747501,
              50.4462561766412
            ],
            [
              -104.500683868053,
              50.4462918314167
            ],
            [
              -104.500588151442,
              50.4463265831798
            ],
            [
              -104.500491740379,
              50.4463605224751
            ],
            [
              -104.500394773517,
              50.4463937398306
            ],
            [
              -104.500296969503,
              50.4464260541681
            ],
            [
              -104.500198471046,
              50.4464575560328
            ],
            [
              -104.50009941775,
              50.4464882460225
            ],
            [
              -104.499999668141,
              50.4465180344572
            ],
            [
              -104.499899363578,
              50.4465470119487
            ],
            [
              -104.499798505022,
              50.4465750876302
            ],
            [
              -104.499696950693,
              50.446602350825
            ],
            [
              -104.499594983219,
              50.4466287128123
            ],
            [
              -104.49949231998,
              50.4466542623097
            ],
            [
              -104.499389244957,
              50.4466789106028
            ],
            [
              -104.499285614614,
              50.4467026570728
            ],
            [
              -104.499181430307,
              50.4467255017243
            ],
            [
              -104.499076831931,
              50.4467475350921
            ],
            [
              -104.498971820439,
              50.4467686672449
            ],
            [
              -104.498866396788,
              50.4467888082515
            ],
            [
              -104.498760559083,
              50.4468081379711
            ],
            [
              -104.49865430828,
              50.4468265664725
            ],
            [
              -104.498547644383,
              50.4468440937545
            ],
            [
              -104.498440709188,
              50.4468606304929
            ],
            [
              -104.498333359951,
              50.4468763568755
            ],
            [
              -104.498225739438,
              50.4468910917774
            ],
            [
              -104.498117704904,
              50.4469050153862
            ],
            [
              -104.498009539934,
              50.4469179490554
            ],
            [
              -104.497901102745,
              50.4469299821073
            ],
            [
              -104.497792254921,
              50.4469410240095
            ],
            [
              -104.49768341415,
              50.4469512564323
            ],
            [
              -104.497574161292,
              50.4469604976975
            ],
            [
              -104.49746491887,
              50.4469687496286
            ],
            [
              -104.497355403306,
              50.4469761908694
            ],
            [
              -104.497245757352,
              50.4469826421671
            ],
            [
              -104.497135980061,
              50.4469881934517
            ],
            [
              -104.497026072393,
              50.4469927547926
            ],
            [
              -104.49691617423,
              50.4469964175918
            ],
            [
              -104.496806144758,
              50.4469991795137
            ],
            [
              -104.496696125768,
              50.4470009521002
            ],
            [
              -104.496585975473,
              50.4470018246724
            ],
            [
              -104.496536538172,
              50.4470018806063
            ],
            [
              -104.492614298944,
              50.4470001373786
            ],
            [
              -104.492609269695,
              50.4436678284107
            ],
            [
              -104.492697336808,
              50.4436574886665
            ],
            [
              -104.492767322131,
              50.4436464910819
            ],
            [
              -104.492839202206,
              50.4436325272616
            ],
            [
              -104.492912045518,
              50.4436155932151
            ],
            [
              -104.492976505079,
              50.4435986225956
            ],
            [
              -104.493038301679,
              50.4435811671411
            ],
            [
              -104.493093109856,
              50.4435631761416
            ],
            [
              -104.49315955049,
              50.4435399027487
            ],
            [
              -104.493224864246,
              50.4435153653302
            ],
            [
              -104.493288994161,
              50.4434895906203
            ],
            [
              -104.493351897358,
              50.4434626054865
            ],
            [
              -104.493413503584,
              50.4434344363894
            ],
            [
              -104.493473755619,
              50.4434050922913
            ],
            [
              -104.49353262583,
              50.4433746180412
            ],
            [
              -104.493590029189,
              50.443343031114
            ],
            [
              -104.493645922934,
              50.4433103583781
            ],
            [
              -104.493700264094,
              50.4432766355505
            ],
            [
              -104.49375299695,
              50.4432418895871
            ],
            [
              -104.493804092598,
              50.4432061471287
            ],
            [
              -104.493853480147,
              50.4431694528363
            ],
            [
              -104.493901130901,
              50.4431318247901
            ],
            [
              -104.49394698884,
              50.4430933074996
            ],
            [
              -104.493991024837,
              50.4430539278928
            ],
            [
              -104.494033196601,
              50.4430137216895
            ],
            [
              -104.494073475038,
              50.4429727338763
            ],
            [
              -104.494111804208,
              50.4429309911203
            ],
            [
              -104.494148169216,
              50.4428885383258
            ],
            [
              -104.494182527433,
              50.4428454112831
            ],
            [
              -104.494214850073,
              50.4428016368491
            ],
            [
              -104.49424509501,
              50.4427572777963
            ],
            [
              -104.494273261381,
              50.4427123521096
            ],
            [
              -104.494299306705,
              50.4426669135664
            ],
            [
              -104.494323216166,
              50.4426209892999
            ],
            [
              -104.4943449615,
              50.4425746417827
            ],
            [
              -104.494364514355,
              50.4425278888798
            ],
            [
              -104.494381887905,
              50.442480784898
            ],
            [
              -104.494397039545,
              50.4424333743323
            ],
            [
              -104.494409954475,
              50.4423856933091
            ],
            [
              -104.494420632786,
              50.4423377867244
            ],
            [
              -104.494429074003,
              50.4422896998319
            ],
            [
              -104.49443524914,
              50.4422414678323
            ],
            [
              -104.494439157739,
              50.4421931451162
            ],
            [
              -104.494440861539,
              50.4421349920652
            ],
            [
              -104.494441004659,
              50.4405468438808
            ],
            [
              -104.494442364385,
              50.4404560256675
            ],
            [
              -104.496043358774,
              50.4404507132893
            ],
            [
              -104.496025499468,
              50.438245821153
            ],
            [
              -104.496025543967,
              50.4382138226224
            ],
            [
              -104.496027333935,
              50.4381513437531
            ],
            [
              -104.496031404578,
              50.4380889199435
            ],
            [
              -104.496037727425,
              50.4380265688412
            ],
            [
              -104.496046316841,
              50.4379643264816
            ],
            [
              -104.496057171424,
              50.4379022286161
            ],
            [
              -104.496070380872,
              50.4378398263925
            ],
            [
              -104.496085679452,
              50.437778305649
            ],
            [
              -104.496100412348,
              50.4377262613935
            ],
            [
              -104.496661285926,
              50.435851909291
            ],
            [
              -104.496846008413,
              50.434896443693
            ],
            [
              -104.497004727343,
              50.4333021680175
            ],
            [
              -104.497146994652,
              50.4294639171184
            ],
            [
              -104.497168428825,
              50.4284908733068
            ],
            [
              -104.49720255098,
              50.427030035596
            ],
            [
              -104.49721902506,
              50.4261788778183
            ],
            [
              -104.497231272892,
              50.4258011601068
            ],
            [
              -104.497234539788,
              50.4212462880149
            ],
            [
              -104.497234855647,
              50.4211926975458
            ],
            [
              -104.49723722362,
              50.4210738502329
            ],
            [
              -104.497241823919,
              50.4209584298638
            ],
            [
              -104.497248675762,
              50.4208430556986
            ],
            [
              -104.497257779404,
              50.4207277448614
            ],
            [
              -104.497269134049,
              50.4206125069175
            ],
            [
              -104.497282726245,
              50.4204973772783
            ],
            [
              -104.497298568935,
              50.4203823656399
            ],
            [
              -104.497316662483,
              50.4202674892705
            ],
            [
              -104.497336992469,
              50.4201527578197
            ],
            [
              -104.49735955918,
              50.420038206614
            ],
            [
              -104.497384361357,
              50.4199238358624
            ],
            [
              -104.497411385746,
              50.4198096729184
            ],
            [
              -104.497440631247,
              50.4196957351152
            ],
            [
              -104.4974721124,
              50.4195820409325
            ],
            [
              -104.497505800738,
              50.4194686080887
            ],
            [
              -104.497541695831,
              50.419355454351
            ],
            [
              -104.497579811865,
              50.4192425892759
            ],
            [
              -104.497620120055,
              50.4191300392136
            ],
            [
              -104.497656150428,
              50.4190348676286
            ],
            [
              -104.497707299094,
              50.4189059388832
            ],
            [
              -104.497754155476,
              50.4187944332993
            ],
            [
              -104.497811908574,
              50.4186640886613
            ],
            [
              -104.497854386363,
              50.4185725745996
            ],
            [
              -104.497907746404,
              50.4184622661674
            ],
            [
              -104.497963255374,
              50.4183523896743
            ],
            [
              -104.498020884694,
              50.4182429631967
            ],
            [
              -104.498080662747,
              50.4181339954158
            ],
            [
              -104.498142560312,
              50.4180255224639
            ],
            [
              -104.498206564313,
              50.4179175442813
            ],
            [
              -104.498272673348,
              50.4178100966166
            ],
            [
              -104.498340873761,
              50.4177031705577
            ],
            [
              -104.49841115176,
              50.4175968020874
            ],
            [
              -104.498483492035,
              50.4174910002014
            ],
            [
              -104.498557895404,
              50.4173857825266
            ],
            [
              -104.498634360763,
              50.4172811672571
            ],
            [
              -104.498712846794,
              50.4171771632043
            ],
            [
              -104.498793352303,
              50.4170737972676
            ],
            [
              -104.498868107187,
              50.4169807508662
            ],
            [
              -104.499034194219,
              50.4167825458761
            ],
            [
              -104.499046902173,
              50.416767654596
            ],
            [
              -104.499135372501,
              50.4166669847774
            ],
            [
              -104.499225805988,
              50.4165670249745
            ],
            [
              -104.499318173817,
              50.4164677840522
            ],
            [
              -104.499412475606,
              50.4163692976903
            ],
            [
              -104.499508697495,
              50.4162715660404
            ],
            [
              -104.499606811252,
              50.4161746067476
            ],
            [
              -104.499706801929,
              50.4160784378735
            ],
            [
              -104.499808670118,
              50.4159830775468
            ],
            [
              -104.499912387214,
              50.4158885254239
            ],
            [
              -104.500017938644,
              50.4157948176989
            ],
            [
              -104.500125324393,
              50.4157019551581
            ],
            [
              -104.50019423077,
              50.4156436056199
            ],
            [
              -104.502681064836,
              50.4135556924339
            ],
            [
              -104.503281538821,
              50.4129526891762
            ],
            [
              -104.503568413538,
              50.4114294340053
            ],
            [
              -104.508669972805,
              50.4114373788695
            ],
            [
              -104.512851550388,
              50.4134449447158
            ],
            [
              -104.512836067723,
              50.4134889252358
            ],
            [
              -104.512897960172,
              50.4137386051354
            ],
            [
              -104.512884079613,
              50.4139831248258
            ],
            [
              -104.512786915996,
              50.4142151869725
            ],
            [
              -104.512706107438,
              50.4143310833309
            ],
            [
              -104.5125359474,
              50.4145795941251
            ],
            [
              -104.512289437373,
              50.4148997942736
            ],
            [
              -104.512201858573,
              50.4149922808856
            ],
            [
              -104.51209722986,
              50.4152122043329
            ],
            [
              -104.511925476882,
              50.4153228752038
            ],
            [
              -104.511676976907,
              50.4155228222813
            ],
            [
              -104.511520363728,
              50.4156359778539
            ],
            [
              -104.511291686109,
              50.4157512520129
            ],
            [
              -104.51099117505,
              50.4158468520443
            ],
            [
              -104.510652772055,
              50.4159398701764
            ],
            [
              -104.510329283692,
              50.4160571662682
            ],
            [
              -104.510069348011,
              50.416149637745
            ],
            [
              -104.509863965268,
              50.4162117341965
            ],
            [
              -104.50956751353,
              50.4162807094304
            ],
            [
              -104.509275128421,
              50.4163230651426
            ],
            [
              -104.508774190086,
              50.4163669612705
            ],
            [
              -104.508591852556,
              50.4164000922144
            ],
            [
              -104.508428271409,
              50.416452676208
            ],
            [
              -104.5081705972,
              50.4165712513234
            ],
            [
              -104.507930181451,
              50.4167203713181
            ],
            [
              -104.50774694174,
              50.4168406730363
            ],
            [
              -104.507568040319,
              50.4169077209919
            ],
            [
              -104.507339927384,
              50.4169672930088
            ],
            [
              -104.507030867223,
              50.4170588745212
            ],
            [
              -104.506729809952,
              50.4172053133191
            ],
            [
              -104.506587916468,
              50.4173596914151
            ],
            [
              -104.506437960957,
              50.4175600454251
            ],
            [
              -104.506273544631,
              50.4176925337542
            ],
            [
              -104.506063652364,
              50.4178224053139
            ],
            [
              -104.50581657544,
              50.4178818961371
            ],
            [
              -104.505633625172,
              50.4179731380711
            ],
            [
              -104.505367362686,
              50.4180543391008
            ],
            [
              -104.505165629676,
              50.4181285501373
            ],
            [
              -104.505005529358,
              50.4182102015058
            ],
            [
              -104.504856902375,
              50.4182822153011
            ],
            [
              -104.504744237749,
              50.4183627595818
            ],
            [
              -104.504619897392,
              50.4184030200092
            ],
            [
              -104.504517475546,
              50.418407427122
            ],
            [
              -104.504473714376,
              50.4183979158267
            ],
            [
              -104.504369984258,
              50.4183704762667
            ],
            [
              -104.504290716745,
              50.4183362356553
            ],
            [
              -104.504120477783,
              50.4182991867012
            ],
            [
              -104.503893362841,
              50.4182618961496
            ],
            [
              -104.503696684713,
              50.4182150470825
            ],
            [
              -104.503561109981,
              50.418167714831
            ],
            [
              -104.50355263475,
              50.42588426039
            ]
          ]
        ]
      },
      "properties": {
        "name": "UNDEVELOP",
        "source": "city_of_regina_gis",
        "objectid": 62,
        "shape__area": 5241489.9765625,
        "shape__length": 15316.087397951413
      }
    },
    {
      "type": "Feature",
      "geometry": {
        "type": "Polygon",
        "coordinates": [
          [
            [
              -104.503568413538,
              50.4114294340053
            ],
            [
              -104.503281538821,
              50.4129526891762
            ],
            [
              -104.502681064836,
              50.4135556924339
            ],
            [
              -104.50019423077,
              50.4156436056199
            ],
            [
              -104.500125324393,
              50.4157019551581
            ],
            [
              -104.500017938644,
              50.4157948176989
            ],
            [
              -104.499912387214,
              50.4158885254239
            ],
            [
              -104.499808670118,
              50.4159830775468
            ],
            [
              -104.499706801929,
              50.4160784378735
            ],
            [
              -104.499606811252,
              50.4161746067476
            ],
            [
              -104.499508697495,
              50.4162715660404
            ],
            [
              -104.499412475606,
              50.4163692976903
            ],
            [
              -104.499318173817,
              50.4164677840522
            ],
            [
              -104.499225805988,
              50.4165670249745
            ],
            [
              -104.499135372501,
              50.4166669847774
            ],
            [
              -104.499046902173,
              50.416767654596
            ],
            [
              -104.499034194219,
              50.4167825458761
            ],
            [
              -104.498868107187,
              50.4169807508662
            ],
            [
              -104.498793352303,
              50.4170737972676
            ],
            [
              -104.498712846794,
              50.4171771632043
            ],
            [
              -104.498634360763,
              50.4172811672571
            ],
            [
              -104.498557895404,
              50.4173857825266
            ],
            [
              -104.498483492035,
              50.4174910002014
            ],
            [
              -104.49841115176,
              50.4175968020874
            ],
            [
              -104.498340873761,
              50.4177031705577
            ],
            [
              -104.498272673348,
              50.4178100966166
            ],
            [
              -104.498206564313,
              50.4179175442813
            ],
            [
              -104.498142560312,
              50.4180255224639
            ],
            [
              -104.498080662747,
              50.4181339954158
            ],
            [
              -104.498020884694,
              50.4182429631967
            ],
            [
              -104.497963255374,
              50.4183523896743
            ],
            [
              -104.497907746404,
              50.4184622661674
            ],
            [
              -104.497854386363,
              50.4185725745996
            ],
            [
              -104.497811908574,
              50.4186640886613
            ],
            [
              -104.497754155476,
              50.4187944332993
            ],
            [
              -104.497707299094,
              50.4189059388832
            ],
            [
              -104.497656150428,
              50.4190348676286
            ],
            [
              -104.497620120055,
              50.4191300392136
            ],
            [
              -104.497579811865,
              50.4192425892759
            ],
            [
              -104.497541695831,
              50.419355454351
            ],
            [
              -104.497505800738,
              50.4194686080887
            ],
            [
              -104.4974721124,
              50.4195820409325
            ],
            [
              -104.497440631247,
              50.4196957351152
            ],
            [
              -104.497411385746,
              50.4198096729184
            ],
            [
              -104.497384361357,
              50.4199238358624
            ],
            [
              -104.49735955918,
              50.420038206614
            ],
            [
              -104.497336992469,
              50.4201527578197
            ],
            [
              -104.497316662483,
              50.4202674892705
            ],
            [
              -104.497298568935,
              50.4203823656399
            ],
            [
              -104.497282726245,
              50.4204973772783
            ],
            [
              -104.497269134049,
              50.4206125069175
            ],
            [
              -104.497257779404,
              50.4207277448614
            ],
            [
              -104.497248675762,
              50.4208430556986
            ],
            [
              -104.497241823919,
              50.4209584298638
            ],
            [
              -104.49723722362,
              50.4210738502329
            ],
            [
              -104.497234855647,
              50.4211926975458
            ],
            [
              -104.497234539788,
              50.4212462880149
            ],
            [
              -104.497231272892,
              50.4258011601068
            ],
            [
              -104.49721902506,
              50.4261788778183
            ],
            [
              -104.49720255098,
              50.427030035596
            ],
            [
              -104.497168428825,
              50.4284908733068
            ],
            [
              -104.497146994652,
              50.4294639171184
            ],
            [
              -104.497004727343,
              50.4333021680175
            ],
            [
              -104.496846008413,
              50.434896443693
            ],
            [
              -104.496661285926,
              50.435851909291
            ],
            [
              -104.496100412348,
              50.4377262613935
            ],
            [
              -104.496085679452,
              50.437778305649
            ],
            [
              -104.496070380872,
              50.4378398263925
            ],
            [
              -104.496057171424,
              50.4379022286161
            ],
            [
              -104.496046316841,
              50.4379643264816
            ],
            [
              -104.496037727425,
              50.4380265688412
            ],
            [
              -104.496031404578,
              50.4380889199435
            ],
            [
              -104.496027333935,
              50.4381513437531
            ],
            [
              -104.496025543967,
              50.4382138226224
            ],
            [
              -104.496025499468,
              50.438245821153
            ],
            [
              -104.496043358774,
              50.4404507132893
            ],
            [
              -104.494442364385,
              50.4404560256675
            ],
            [
              -104.494441004659,
              50.4405468438808
            ],
            [
              -104.494440861539,
              50.4421349920652
            ],
            [
              -104.494439157739,
              50.4421931451162
            ],
            [
              -104.49443524914,
              50.4422414678323
            ],
            [
              -104.494429074003,
              50.4422896998319
            ],
            [
              -104.494420632786,
              50.4423377867244
            ],
            [
              -104.494409954475,
              50.4423856933091
            ],
            [
              -104.494397039545,
              50.4424333743323
            ],
            [
              -104.494381887905,
              50.442480784898
            ],
            [
              -104.494364514355,
              50.4425278888798
            ],
            [
              -104.4943449615,
              50.4425746417827
            ],
            [
              -104.494323216166,
              50.4426209892999
            ],
            [
              -104.494299306705,
              50.4426669135664
            ],
            [
              -104.494273261381,
              50.4427123521096
            ],
            [
              -104.49424509501,
              50.4427572777963
            ],
            [
              -104.494214850073,
              50.4428016368491
            ],
            [
              -104.494182527433,
              50.4428454112831
            ],
            [
              -104.494148169216,
              50.4428885383258
            ],
            [
              -104.494111804208,
              50.4429309911203
            ],
            [
              -104.494073475038,
              50.4429727338763
            ],
            [
              -104.494033196601,
              50.4430137216895
            ],
            [
              -104.493991024837,
              50.4430539278928
            ],
            [
              -104.49394698884,
              50.4430933074996
            ],
            [
              -104.493901130901,
              50.4431318247901
            ],
            [
              -104.493853480147,
              50.4431694528363
            ],
            [
              -104.493804092598,
              50.4432061471287
            ],
            [
              -104.49375299695,
              50.4432418895871
            ],
            [
              -104.493700264094,
              50.4432766355505
            ],
            [
              -104.493645922934,
              50.4433103583781
            ],
            [
              -104.493590029189,
              50.443343031114
            ],
            [
              -104.49353262583,
              50.4433746180412
            ],
            [
              -104.493473755619,
              50.4434050922913
            ],
            [
              -104.493413503584,
              50.4434344363894
            ],
            [
              -104.493351897358,
              50.4434626054865
            ],
            [
              -104.493288994161,
              50.4434895906203
            ],
            [
              -104.493224864246,
              50.4435153653302
            ],
            [
              -104.49315955049,
              50.4435399027487
            ],
            [
              -104.493093109856,
              50.4435631761416
            ],
            [
              -104.493038301679,
              50.4435811671411
            ],
            [
              -104.492976505079,
              50.4435986225956
            ],
            [
              -104.492912045518,
              50.4436155932151
            ],
            [
              -104.492839202206,
              50.4436325272616
            ],
            [
              -104.492767322131,
              50.4436464910819
            ],
            [
              -104.492697336808,
              50.4436574886665
            ],
            [
              -104.492609269695,
              50.4436678284107
            ],
            [
              -104.492604498096,
              50.4405528907808
            ],
            [
              -104.492603417302,
              50.435252428265
            ],
            [
              -104.492607178085,
              50.4260840808004
            ],
            [
              -104.492609231376,
              50.4226124370609
            ],
            [
              -104.492867327098,
              50.421881764599
            ],
            [
              -104.492873255997,
              50.4122946724485
            ],
            [
              -104.492874709427,
              50.412224439716
            ],
            [
              -104.492877709479,
              50.4121542137241
            ],
            [
              -104.492882118336,
              50.4120839938718
            ],
            [
              -104.492887933571,
              50.4120138700832
            ],
            [
              -104.49289529591,
              50.4119438429717
            ],
            [
              -104.492904065573,
              50.4118738219926
            ],
            [
              -104.492914383288,
              50.4118038077592
            ],
            [
              -104.492926106395,
              50.4117339795189
            ],
            [
              -104.492939235841,
              50.4116642477723
            ],
            [
              -104.492953771631,
              50.4115946116555
            ],
            [
              -104.492969853527,
              50.4115251621436
            ],
            [
              -104.492982056523,
              50.4114762907937
            ],
            [
              -104.492993920258,
              50.4114313754546
            ],
            [
              -104.49295579515,
              50.4114313892494
            ],
            [
              -104.49298363784,
              50.4113413062718
            ],
            [
              -104.493006900479,
              50.4112715283053
            ],
            [
              -104.493031569752,
              50.4112018466133
            ],
            [
              -104.493057784131,
              50.4111324412364
            ],
            [
              -104.493085262145,
              50.4110633111629
            ],
            [
              -104.493114286209,
              50.4109943679035
            ],
            [
              -104.493144574858,
              50.410925609799
            ],
            [
              -104.49317640729,
              50.4108572181502
            ],
            [
              -104.493209645362,
              50.4107890127004
            ],
            [
              -104.493244146083,
              50.4107211722635
            ],
            [
              -104.493280191869,
              50.4106536083494
            ],
            [
              -104.493317501249,
              50.4105863199468
            ],
            [
              -104.493356214617,
              50.4105193072341
            ],
            [
              -104.493396331681,
              50.4104526603593
            ],
            [
              -104.493437711366,
              50.4103863789227
            ],
            [
              -104.493480635133,
              50.4103204637164
            ],
            [
              -104.493524821513,
              50.4102549137295
            ],
            [
              -104.493570270501,
              50.4101897291763
            ],
            [
              -104.493617122489,
              50.4101249102347
            ],
            [
              -104.493665237416,
              50.4100604565094
            ],
            [
              -104.493714754711,
              50.4099964585403
            ],
            [
              -104.493765533639,
              50.4099329159291
            ],
            [
              -104.493817575158,
              50.4098697383119
            ],
            [
              -104.493871018696,
              50.4098070164443
            ],
            [
              -104.493925583464,
              50.4097447493906
            ],
            [
              -104.493981550584,
              50.4096829377965
            ],
            [
              -104.494039625953,
              50.4096206851658
            ],
            [
              -104.494097128332,
              50.4095607686072
            ],
            [
              -104.494156879337,
              50.4095004123382
            ],
            [
              -104.494217750265,
              50.4094406005157
            ],
            [
              -104.494279882799,
              50.4093812438191
            ],
            [
              -104.494343275021,
              50.4093225221075
            ],
            [
              -104.494407788117,
              50.4092642549062
            ],
            [
              -104.494473560375,
              50.4092065341159
            ],
            [
              -104.494540454024,
              50.4091493564019
            ],
            [
              -104.494608467584,
              50.409092723123
            ],
            [
              -104.494677740821,
              50.4090367248191
            ],
            [
              -104.494748133967,
              50.4089812709461
            ],
            [
              -104.494819646061,
              50.4089264514327
            ],
            [
              -104.494892278061,
              50.4088721763462
            ],
            [
              -104.494966029007,
              50.4088185356151
            ],
            [
              -104.495031116204,
              50.4087723218249
            ],
            [
              -104.498318042015,
              50.4064659485513
            ],
            [
              -104.503288394905,
              50.4088519600579
            ],
            [
              -104.504664608142,
              50.4095131050343
            ],
            [
              -104.504159556666,
              50.4099421010859
            ],
            [
              -104.504120929174,
              50.409975392198
            ],
            [
              -104.504074475159,
              50.4100169235054
            ],
            [
              -104.50402928334,
              50.4100590002153
            ],
            [
              -104.503985211248,
              50.410101529988
            ],
            [
              -104.503942399995,
              50.4101446060955
            ],
            [
              -104.503900849604,
              50.4101882267405
            ],
            [
              -104.50386056247,
              50.4102323028631
            ],
            [
              -104.503821536626,
              50.4102767427227
            ],
            [
              -104.503783771631,
              50.4103217289223
            ],
            [
              -104.503747409175,
              50.4103671703341
            ],
            [
              -104.503712170083,
              50.4104129766969
            ],
            [
              -104.503678332181,
              50.4104592387001
            ],
            [
              -104.503645897777,
              50.4105058650531
            ],
            [
              -104.503614727054,
              50.4105527679595
            ],
            [
              -104.503584960349,
              50.4106001260902
            ],
            [
              -104.503569350033,
              50.4106259607014
            ],
            [
              -104.503568413538,
              50.4114294340053
            ]
          ]
        ]
      },
      "properties": {
        "name": "Chuka Creek Business Park",
        "source": "city_of_regina_gis",
        "objectid": 641,
        "shape__area": 3757260.1875,
        "shape__length": 14067.29432962679
      }
    },
    {
      "type": "Feature",
      "geometry": {
        "type": "Polygon",
        "coordinates": [
          [
            [
              -104.664002237676,
              50.4185424102212
            ],
            [
              -104.663983793375,
              50.3991239251122
            ],
            [
              -104.663981158744,
              50.3973319992739
            ],
            [
              -104.68095834233,
              50.3973325372457
            ],
            [
              -104.680958148679,
              50.3971517681265
            ],
            [
              -104.686611356479,
              50.3971510207079
            ],
            [
              -104.686611153613,
              50.3969681830898
            ],
            [
              -104.686893812382,
              50.3969682237699
            ],
            [
              -104.686931305901,
              50.4114329965158
            ],
            [
              -104.686949204466,
              50.4186242281131
            ],
            [
              -104.686978449907,
              50.425909874709
            ],
            [
              -104.664001485253,
              50.4259037534774
            ],
            [
              -104.664002237676,
              50.4185424102212
            ]
          ]
        ]
      },
      "properties": {
        "name": "UNDEVELOP",
        "source": "city_of_regina_gis",
        "objectid": 2,
        "shape__area": 12767444.96875,
        "shape__length": 15218.523536490708
      }
    },
    {
      "type": "Feature",
      "geometry": {
        "type": "Polygon",
        "coordinates": [
          [
            [
              -104.664002237676,
              50.4185424102212
            ],
            [
              -104.655843835369,
              50.4185131342519
            ],
            [
              -104.640961649109,
              50.4185383251074
            ],
            [
              -104.640951765179,
              50.4159010147921
            ],
            [
              -104.641645170192,
              50.4153894523876
            ],
            [
              -104.642037082107,
              50.4148622646428
            ],
            [
              -104.642597263434,
              50.4133770204602
            ],
            [
              -104.642902633917,
              50.4114675923603
            ],
            [
              -104.644468201118,
              50.411472382341
            ],
            [
              -104.644460467439,
              50.4038706721379
            ],
            [
              -104.644448057006,
              50.3983708496481
            ],
            [
              -104.644564655225,
              50.3983520588513
            ],
            [
              -104.644638409455,
              50.3983389917489
            ],
            [
              -104.644711692109,
              50.398325023885
            ],
            [
              -104.644784827324,
              50.3983100842302
            ],
            [
              -104.644929848401,
              50.3982777817272
            ],
            [
              -104.645073109743,
              50.3982419212554
            ],
            [
              -104.645214285706,
              50.3982026810498
            ],
            [
              -104.645284045103,
              50.3981817861046
            ],
            [
              -104.645348237025,
              50.3981641758987
            ],
            [
              -104.645421317986,
              50.3981375879878
            ],
            [
              -104.645555505361,
              50.3980901426602
            ],
            [
              -104.645621425915,
              50.3980652337238
            ],
            [
              -104.645686464788,
              50.3980395756071
            ],
            [
              -104.645813918221,
              50.3979856610842
            ],
            [
              -104.645876203798,
              50.3979575842296
            ],
            [
              -104.645949228523,
              50.3979234579951
            ],
            [
              -104.646056671468,
              50.3978696467058
            ],
            [
              -104.646152164886,
              50.3978203560697
            ],
            [
              -104.646266617667,
              50.3977643960351
            ],
            [
              -104.646384494651,
              50.3977114950813
            ],
            [
              -104.646505612043,
              50.3976616526395
            ],
            [
              -104.646629703378,
              50.3976149667465
            ],
            [
              -104.646756471529,
              50.3975715265691
            ],
            [
              -104.646885802353,
              50.3975315025563
            ],
            [
              -104.647017613293,
              50.3974948135076
            ],
            [
              -104.647151649916,
              50.3974615300153
            ],
            [
              -104.647287699973,
              50.3974318324487
            ],
            [
              -104.647425650594,
              50.3974056299483
            ],
            [
              -104.647565235574,
              50.3973830026423
            ],
            [
              -104.647706341667,
              50.3973639412603
            ],
            [
              -104.64784864321,
              50.397348651373
            ],
            [
              -104.647992255315,
              50.3973369448211
            ],
            [
              -104.648146926395,
              50.3973289948355
            ],
            [
              -104.648303286184,
              50.3973247190843
            ],
            [
              -104.648396700712,
              50.3973239850445
            ],
            [
              -104.658428378017,
              50.3973282768227
            ],
            [
              -104.663981158744,
              50.3973319992739
            ],
            [
              -104.663983793375,
              50.3991239251122
            ],
            [
              -104.664002237676,
              50.4185424102212
            ]
          ]
        ]
      },
      "properties": {
        "name": "Harbour Landing",
        "source": "city_of_regina_gis",
        "objectid": 10,
        "shape__area": 8379802.03125,
        "shape__length": 12234.3120077592
      }
    }
  ]
}